Name,CMP,P2E_Ratio,Market_Cap,Qtr_Profit_Growth,Qtr_Sales_Growth,Div_Yld,ROCE
Reliance Industr,2550.25,25.87,1725398.66,19.11,2.69,0.31,10.14
TCS,3302.25,28.68,1208310.24,14.77,16.94,1.45,59.10
HDFC Bank,1701.4,20.67,950960.13,20.6,33.66,1.12,6.85
ICICI Bank,934.6,19.21,653879.51,27.64,37.76,0.86,6.82
Hind. Unilever,2678.15,61.88,629255.78,12.38,10.52,1.46,26.61
ITC,451.6,29.33,561249.28,22.06,6.52,2.82,39.1
Infosys,1335.5,23.11,554258.19,7.77,16.0,2.55,40.67
H D F C,2821.95,19.97,522463.3,18.04,27.36,1.56,9.38
St Bk of India,572.85,9.18,511246.39,89.48,31.47,1.97,5.21
Bharti Airtel,878.75,58.67,509457.9,82.54,14.31,0.34,13.53
Bajaj Finance,7160.6,37.67,433523.66,30.51,31.69,0.42,11.7
Life Insurance,632.25,10.99,399897.98,466.2,-5.27,0.47,148.72
Kotak Mah. Bank,1846.55,24.58,366838.42,17.33,35.57,0.06,7.37
Larsen & Toubro,2475.55,33.49,347956.56,10.11,10.38,0.97,12.54
Asian Paints,3362.05,78.02,322487.09,34.51,11.34,0.76,35.23
HCL Technologies,1187.95,21.72,322369.85,10.8,17.74,4.04,28.66
Axis Bank,987.45,13.19,304108.82,58.91,35.26,0.1,6.54
Maruti Suzuki,9789.05,36.01,295707.62,42.38,19.85,0.92,17.69
Adani Enterp.,2388.05,102.19,272237.97,206.92,26.06,0.05,10.09
Titan Company,3047.65,83.25,270566.15,33.66,32.89,0.33,25.12
Avenue Super.,3889.2,106.35,252943.34,7.81,20.57,0.0,20.15
Sun Pharma.Inds.,1051.6,29.24,252314.07,36.86,15.71,0.95,17.39
Bajaj Finserv,1528.0,37.93,243382.2,31.41,25.25,0.05,12.61
UltraTech Cem.,8294.75,47.29,239458.11,-32.11,18.36,0.46,12.65
Nestle India,22894.3,86.85,220737.03,24.69,20.99,0.96,137.75
Tata Motors,595.55,84.54,213679.2,562.62,35.05,0.34,6.14
Wipro,389.15,18.82,213598.29,-0.41,11.17,1.54,17.71
O N G C,160.3,5.21,201661.88,-35.15,5.21,6.71,14.69
JSW Steel,784.8,51.18,189703.46,-1.14,0.14,0.43,8.37
NTPC,189.15,10.84,183412.44,-5.92,19.33,3.7,9.81
M & M,1453.6,19.29,180759.35,28.4,24.8,1.12,13.64
Power Grid Corpn,255.15,11.54,177978.68,10.67,14.76,4.61,13.0
Adani Ports,739.25,25.18,159688.27,106.84,39.99,0.68,9.91
LTIMindtree,5197.2,34.88,153778.87,74.84,102.04,1.15,37.74
Adani Green,945.9,132.34,149833.63,338.58,77.82,0.0,7.81
Coal India,231.0,5.06,142359.02,-17.41,16.64,8.77,71.48
HDFC Life Insur.,651.2,102.31,139987.13,-28.49,19.31,0.29,9.56
Tata Steel,112.0,17.3,136881.17,-84.33,-9.18,3.21,12.79
Siemens,3766.45,81.72,134130.91,61.91,28.5,0.27,15.41
Bajaj Auto,4691.55,21.91,132750.86,32.96,11.97,2.98,26.51
Pidilite Inds.,2597.1,103.68,132014.29,11.28,7.27,0.39,24.56
SBI Life Insuran,1306.9,76.03,130807.84,15.58,3.02,0.19,15.47
Hindustan Zinc,307.35,12.34,129865.18,-11.61,-3.27,24.56,50.46
I O C L,91.3,13.17,128926.91,54.83,16.3,9.2,8.15
Hind.Aeronautics,3792.5,21.82,126816.46,-8.4,8.1,1.32,30.6
DLF,490.55,59.7,121426.42,40.53,-5.89,0.61,4.65
Britannia Inds.,5024.55,59.62,121025.48,47.53,13.31,1.43,48.85
Grasim Inds,1734.65,16.63,114214.93,-46.14,16.14,0.29,12.56
Godrej Consumer,1081.0,63.33,110554.21,24.05,9.75,0.0,16.77
Tech Mahindra,1130.85,22.82,110192.76,-25.77,13.22,2.83,22.49
IndusInd Bank,1374.65,14.43,106666.08,49.89,27.49,1.02,7.37
Varun Beverages,802.55,62.35,104260.56,68.79,37.68,0.06,27.77
Vedanta,277.95,9.68,103319.48,-62.35,-4.75,36.52,23.76
Dabur India,572.95,59.68,101528.73,-18.12,6.35,0.91,23.49
Bank of Baroda,190.35,6.61,98436.88,158.68,41.79,2.89,5.17
Eicher Motors,3580.1,33.6,97909.14,48.42,19.13,0.59,27.35
Adani Power,249.85,8.95,96365.62,12.85,-3.36,0.0,15.8
Divi's Lab.,3583.6,52.17,95133.32,-64.12,-22.54,0.84,19.34
Hindalco Inds.,420.95,9.4,94595.66,-40.59,0.17,0.95,11.1
Cholaman.Inv.&Fn,1142.0,35.23,93881.29,24.53,43.61,0.18,9.71
A B B,4423.0,108.12,93727.07,64.38,22.5,0.12,23.03
Bharat Electron,125.75,30.8,91920.47,19.74,2.2,1.19,30.06
Shree Cement,23886.45,64.89,86184.1,-15.34,16.75,0.42,9.01
Dr Reddy's Labs,5159.6,19.06,85921.83,889.79,15.35,0.78,26.22
Adani Transmissi,767.25,68.12,85586.18,69.63,12.87,0.0,10.48
Ambuja Cements,425.9,30.21,84568.63,12.01,0.83,0.59,16.0
ICICI Pru Life,572.5,101.24,82358.69,25.89,-15.53,0.1,10.02
Cipla,1014.95,28.0,81922.41,60.85,9.11,0.84,18.78
Havells India,1282.8,75.0,80389.79,1.58,9.78,0.58,22.31
SBI Cards,847.2,35.49,80154.96,2.69,31.99,0.3,13.05
Tata Consumer,860.9,74.19,79978.61,18.59,13.96,0.98,9.86
B P C L,364.7,23.46,79112.65,188.68,13.49,4.39,6.86
Bajaj Holdings,7004.55,16.07,77953.64,22.38,-3.1,1.76,11.51
Apollo Hospitals,5098.2,89.5,73304.29,60.33,21.31,0.29,14.65
Adani Total Gas,654.6,131.84,71993.57,20.74,10.15,0.04,20.74
Tata Power Co.,221.85,21.94,70888.61,-21.27,4.13,0.9,12.42
GAIL (India),105.05,12.34,69071.42,-81.64,21.72,6.35,9.77
Marico,530.95,52.74,68661.25,20.32,3.66,1.74,43.7
Mankind Pharma,1706.8,54.77,68372.43,29.2,13.82,0.0,21.87
SRF,2289.45,31.45,67864.98,-7.13,6.44,0.31,22.37
United Spirits,912.2,68.24,66348.94,-56.74,-1.3,0.0,20.54
ICICI Lombard,1344.45,38.13,66033.78,39.82,12.4,0.74,22.05
Berger Paints,678.1,76.65,65872.16,-15.71,11.71,0.46,23.75
Macrotech Devel.,679.8,47.66,65529.68,39.01,-5.49,0.0,9.3
Shriram Finance,1735.2,10.81,64970.62,17.77,56.77,2.02,12.14
Torrent Pharma.,1904.95,51.78,64472.16,0.7,16.89,1.15,20.2
TVS Motor Co.,1325.65,49.61,62981.63,21.6,21.96,0.38,13.48
Trent,1764.15,211.83,62713.32,325.59,64.26,0.12,11.59
Tube Investments,3174.9,73.96,61358.37,27.11,11.36,0.11,37.49
IDBI Bank,55.35,16.05,59514.55,65.63,24.33,1.81,4.26
P I Industries,3921.75,48.39,59500.05,37.28,12.21,0.25,21.66
Jindal Steel,581.05,18.08,59272.22,-60.43,-4.52,0.52,14.47
Zydus Lifesci.,583.05,24.8,59016.56,47.62,31.66,1.03,16.65
Max Healthcare,599.45,52.77,58231.61,102.8,29.6,0.0,15.01
Hero Motocorp,2910.1,20.77,58155.36,31.7,12.51,3.44,23.57
Samvardh. Mothe.,85.7,37.47,58073.93,37.05,30.37,0.51,9.26
Info Edg.(India),4483.65,274.71,57921.64,-194.92,27.87,0.42,4.27
CG Power & Indu.,378.5,76.57,57804.49,125.48,28.18,0.4,61.18
Power Fin.Corpn.,215.9,3.59,56999.36,45.88,6.41,6.14,9.38
Punjab Natl.Bank,51.65,17.0,56871.9,451.11,27.32,1.26,4.11
Bosch,19042.35,39.43,56162.82,13.8,22.72,2.52,17.36
Indian Hotels Co,392.5,58.26,55750.71,493.53,86.39,0.25,13.29
Canara Bank,301.85,5.0,54759.52,73.89,33.34,3.98,5.33
Cummins India,1943.1,47.22,53862.73,68.38,28.95,1.29,27.66
Adani Wilmar,409.95,87.45,53280.32,-56.21,-7.79,0.0,15.37
Astral,1982.55,119.34,53253.59,41.98,8.31,0.11,25.11
Polycab India,3551.15,43.83,53219.3,31.85,8.91,0.56,27.11
IDFC First Bank,79.4,21.17,52606.03,131.65,41.08,0.0,7.47
UPL,687.55,14.07,51608.03,-45.47,4.46,1.45,15.75
I R C T C,635.1,51.51,50808.0,20.47,39.66,0.55,58.99
AU Small Finance,753.65,35.2,50263.22,22.7,36.46,0.13,8.54
Abbott India,23419.15,52.42,49765.69,9.47,7.04,0.77,41.12
Muthoot Finance,1239.65,14.33,49765.61,-6.0,6.87,1.77,12.04
Union Bank (I),72.25,5.8,49381.05,80.58,30.16,4.15,5.2
Ashok Leyland,167.4,41.2,49150.77,178.6,33.0,1.55,12.0
HDFC AMC,2295.65,34.41,48998.44,9.5,4.78,2.09,32.31
Aditya Birla Cap,196.3,19.43,48970.86,35.17,21.28,0.0,8.51
Schaeffler India,3097.55,55.0,48415.84,5.91,8.05,0.77,28.98
Tata Elxsi,7588.5,62.43,47258.48,25.94,22.91,0.8,47.74
Yes Bank,16.25,63.5,46727.96,-44.55,25.71,0.0,5.21
P & G Hygiene,14324.45,81.65,46498.22,60.45,-9.26,0.56,109.98
NHPC Ltd,45.95,11.87,46156.93,37.73,21.17,3.94,8.92
I O B,24.4,21.99,46121.89,17.69,23.2,0.0,4.53
Colgate-Palmoliv,1688.1,43.51,45913.89,-1.85,3.79,2.37,79.13
Balkrishna Inds,2370.4,43.34,45823.91,-30.69,-2.41,0.67,14.56
Tata Comm,1594.65,26.26,45447.53,-13.63,7.17,1.32,23.96
JSW Energy,272.75,34.46,44858.53,-68.53,9.39,0.73,7.29
Indus Towers,164.25,20.4,44264.34,-23.48,-5.11,6.7,11.45
Godrej Propert.,1568.45,76.32,43607.47,59.34,23.72,0.0,6.56
REC Ltd,164.65,3.88,43356.03,33.2,6.33,7.65,9.14
Patanjali Foods,1188.7,48.54,43030.33,12.49,18.15,0.42,13.4
MRF,101260.5,55.84,42934.45,106.21,10.12,0.17,7.94
I R F C,32.7,6.74,42734.01,-11.04,5.14,4.28,5.32
Aurobindo Pharma,727.35,22.11,42618.24,-31.08,11.42,1.24,9.25
FSN E-Commerce,148.6,2200.98,42390.91,-70.05,33.74,0.0,5.5
Alkem Lab,3512.85,39.56,42001.39,-11.91,16.86,0.71,13.87
Page Industries,37647.2,73.48,41976.63,-58.88,-12.78,0.98,53.72
L&T Technology,3936.1,36.49,41591.89,18.17,19.37,1.14,32.75
M & M Fin. Serv.,336.45,19.68,41571.35,8.2,20.86,1.78,8.89
Lupin,902.75,95.52,41082.35,146.11,14.09,0.44,5.95
Supreme Inds.,3197.7,47.02,40619.38,10.98,1.61,0.81,26.79
Dalmia BharatLtd,2166.2,36.8,40612.0,167.21,15.74,0.42,8.52
Container Corpn.,661.8,34.36,40323.1,7.99,6.16,1.36,13.67
United Breweries,1511.95,118.61,39975.96,-94.0,3.32,0.5,11.48
Bandhan Bank,242.05,17.77,38990.78,-57.51,10.25,0.0,7.14
Bharat Forge,836.8,73.19,38960.46,-39.39,1.57,0.84,8.82
Persistent Sys,5011.05,41.25,38296.95,25.14,37.65,0.8,30.3
Honeywell Auto,41679.05,84.12,36844.28,54.16,27.2,0.22,19.46
Linde India,4316.55,78.0,36811.54,54.64,17.96,0.1,16.63
Indian Bank,292.55,6.54,36435.38,48.36,24.43,2.94,4.55
APL Apollo Tubes,1305.3,56.4,36199.99,23.81,5.13,0.27,27.67
Oberoi Realty,984.8,19.07,35807.55,106.71,16.75,0.41,16.03
Mphasis,1895.05,21.97,35725.63,3.38,2.55,2.64,28.9
S A I L,85.5,17.81,35315.99,-51.92,-5.29,10.23,5.95
ACC,1813.7,33.92,34058.98,-28.63,8.23,0.51,10.04
Star Health Insu,585.1,55.02,34035.58,224.07,11.77,0.0,13.33
Solar Industries,3740.3,44.83,33846.0,22.76,46.45,0.21,35.98
Petronet LNG,222.7,10.31,33405.0,-18.12,24.31,2.02,26.55
Oracle Fin.Serv.,3858.65,18.48,33374.09,-0.51,15.17,5.83,35.11
Uno Minda,581.8,51.01,33337.94,26.52,19.62,0.21,19.35
Indraprastha Gas,473.35,22.93,33134.54,-8.81,53.25,2.75,27.28
Jubilant Food.,501.25,93.69,33074.74,-70.36,7.98,0.24,15.97
UCO Bank,27.4,17.59,32759.33,86.19,32.2,0.0,4.75
Gujarat Fluoroch,2932.35,24.35,32211.86,51.9,37.03,0.14,29.6
General Insuranc,182.65,5.08,32044.12,42.8,-7.79,3.94,20.59
Gujarat Gas,465.05,20.95,32013.58,-18.28,-15.87,0.43,30.85
Biocon,265.5,52.0,31875.93,17.94,56.67,0.56,6.5
L&T Fin.Holdings,127.7,23.78,31669.21,43.68,9.13,1.57,7.56
Syngene Intl.,765.05,66.23,30756.16,20.91,31.17,0.07,14.6
NMDC,104.65,6.52,30668.79,-24.24,-13.76,14.09,21.08
B H E L,87.65,63.93,30520.29,-33.04,2.05,0.46,3.15
3M India,27012.7,67.5,30443.31,22.36,13.01,0.37,31.42
Bank of India,73.6,8.15,30202.25,105.55,36.8,2.72,4.42
Sona BLW Precis.,515.85,76.96,30198.66,16.95,35.54,0.54,22.05
AIA Engineering,3200.45,28.59,30186.76,37.95,16.49,0.5,25.22
Vedant Fashions,1239.0,70.1,30080.73,22.74,15.32,0.4,39.76
KPIT Technologi.,1089.8,78.01,29876.19,41.51,56.09,0.28,30.6
Escorts Kubota,2248.4,43.92,29665.53,13.94,17.38,0.31,11.31
Deepak Nitrite,2173.75,34.8,29648.44,-12.48,4.75,0.32,29.95
Torrent Power,615.25,13.97,29569.95,-33.42,61.28,2.11,19.0
Sundaram Finance,2610.0,22.05,28997.1,27.41,16.65,1.03,8.42
Coforge,4711.3,39.4,28788.07,-27.27,24.51,1.36,31.61
CRISIL,3902.95,48.48,28529.0,19.84,20.16,1.23,41.06
F A C T,434.4,45.86,28108.81,-35.57,-26.22,0.0,33.46
Max Financial,810.85,73.94,27983.63,-61.0,10.82,0.0,13.29
Phoenix Mills,1563.35,32.73,27924.81,108.09,47.16,0.15,12.13
Coromandel Inter,948.4,13.85,27884.26,-14.96,29.55,1.27,38.41
Embassy Off.REIT,291.66,55.83,27646.27,-87.3,16.2,3.74,4.2
Jindal Stain.,330.4,13.06,27206.28,-18.39,0.4,0.0,25.53
Thermax,2281.75,60.38,27188.49,52.13,16.01,0.44,14.97
Federal Bank,126.15,8.44,26718.77,62.36,35.97,1.43,6.46
Oil India,244.95,3.04,26562.51,-17.7,-11.44,5.92,26.86
Poonawalla Fin,340.9,46.48,26185.85,100.77,50.25,0.59,7.85
Dixon Technolog.,4388.6,102.47,26138.57,28.01,3.82,0.05,25.75
J K Cements,3381.9,62.35,26131.35,-44.8,18.15,0.44,10.24
Apollo Tyres,406.7,23.76,25829.56,260.57,11.99,0.98,10.18
Timken India,3423.55,65.9,25751.51,-13.84,20.24,0.04,28.02
Sundram Fasten.,1216.95,52.28,25571.57,18.61,8.07,0.54,19.41
Tata Chemicals,1001.4,11.24,25511.67,50.02,26.6,1.75,12.04
Motherson Wiring,57.7,52.38,25509.79,82.17,12.21,1.05,43.87
Metro Brands,936.5,70.41,25447.91,-0.44,34.97,0.27,24.83
Rail Vikas,121.9,17.89,25416.4,-5.0,-11.15,1.5,17.75
Grindwell Norton,2280.45,69.84,25249.14,9.77,18.95,0.64,28.7
Central Bank,29.05,15.01,25218.13,-3.75,23.31,0.0,4.29
Voltas,759.75,103.76,25138.97,-21.6,10.88,0.56,9.74
Mazagon Dock,1246.4,23.43,25138.64,119.43,48.85,0.73,38.2
SKF India,4976.85,46.88,24604.53,12.22,5.36,0.8,34.5
Kansai Nerolac,450.45,52.45,24275.64,389.15,12.82,0.4,14.54
Glaxosmi. Pharma,1425.1,40.94,24142.05,369.02,-2.74,2.25,36.41
Fortis Health.,315.05,44.42,23784.96,84.1,19.2,0.0,11.14
ZF Commercial,12162.45,72.59,23060.01,78.82,24.98,0.11,18.85
Prestige Estates,574.85,31.28,23043.53,85.12,9.64,0.26,10.66
Carborundum Uni.,1197.9,57.23,22753.39,111.22,38.0,0.29,20.29
K P R Mill Ltd,664.6,27.9,22716.96,-4.65,34.47,0.6,24.67
Devyani Intl.,188.35,80.96,22704.63,-23.52,27.8,0.0,18.39
Relaxo Footwear,909.0,146.49,22628.52,0.59,9.56,0.28,11.6
Piramal Enterp.,942.3,11.82,22489.28,-278.94,-48.79,3.29,2.23
Navin Fluo.Intl.,4502.0,59.49,22319.69,81.45,70.47,0.16,20.89
Endurance Tech.,1579.5,45.58,22217.7,0.21,7.48,0.44,14.23
The Ramco Cement,924.25,63.57,21839.32,22.84,50.35,0.22,6.56
Sumitomo Chemi.,436.3,43.26,21777.73,-3.0,-1.88,0.23,30.2
Pun. & Sind Bank,31.95,16.51,21655.03,32.04,17.38,1.5,5.26
LIC Housing Fin.,392.2,7.46,21573.47,6.92,20.71,2.17,7.57
Bata India,1675.5,66.67,21534.79,4.22,17.04,0.81,19.23
KEI Industries,2315.6,43.75,20884.96,19.18,9.06,0.13,25.82
Atul,6995.25,40.75,20645.61,-32.33,-12.79,0.36,14.97
Bharat Dynamics,1120.25,58.3,20532.08,-46.93,-42.2,0.74,15.54
Hatsun Agro,921.6,123.77,20528.53,-39.06,10.04,0.65,11.16
Narayana Hrudaya,993.25,33.48,20298.14,151.22,29.86,0.25,31.41
Exide Inds.,236.7,24.46,20119.5,28.2,4.38,0.84,10.62
Kajaria Ceramics,1257.6,57.16,20027.44,16.16,9.17,0.87,20.26
Laurus Labs,366.65,25.97,19749.64,-53.77,-7.14,0.55,22.15
Bayer Crop Sci.,4380.95,29.01,19688.91,2.15,1.99,2.28,33.67
ICICI Securities,608.45,17.58,19648.61,-22.81,-0.77,3.94,18.08
CreditAcc. Gram.,1247.65,23.6,19494.79,95.91,53.59,0.0,12.94
Bank of Maha,28.9,7.47,19451.13,136.24,31.21,4.5,4.44
New India Assura,116.95,18.39,19273.36,122.4,19.73,1.65,4.86
IIFL Finance,505.65,12.83,19243.49,28.61,16.46,0.79,11.65
Glenmark Pharma.,676.0,37.64,19074.57,15.85,11.74,0.37,14.61
Ajanta Pharma,1479.15,31.9,18951.78,-19.15,1.33,0.47,22.61
Five-Star Bus.Fi,647.75,31.28,18876.53,43.26,33.61,0.0,14.42
Ipca Labs.,742.85,39.99,18846.42,-41.24,17.26,0.54,11.61
Dr Lal Pathlabs,2259.4,78.88,18845.4,-7.5,1.13,0.53,18.49
Suzlon Energy,15.3,111.47,18812.35,130.41,-31.54,0.0,20.61
Vinati Organics,1822.95,40.91,18736.65,14.12,3.57,0.36,30.3
Emami,424.7,29.86,18735.64,-60.54,8.51,1.88,28.49
Whirlpool India,1474.15,85.39,18702.54,-25.22,-2.01,0.34,8.87
Crompton Gr. Con,289.55,39.99,18521.91,-29.97,15.7,1.04,18.49
Mindspace Busine,309.1,55.67,18330.19,-110.15,20.16,,5.95
J B Chem & Pharm,2366.95,44.71,18324.19,3.29,22.05,0.75,22.63
Aarti Industries,503.6,33.5,18255.7,-23.09,-5.73,0.69,9.54
Nippon Life Ind.,288.15,24.83,17957.59,13.25,3.07,3.99,26.64
Global Health,659.25,54.24,17685.53,475.9,34.99,0.0,16.8
Hitachi Energy,4157.85,187.66,17621.66,-1.68,19.81,0.07,11.9
Lloyds Metals,395.7,19.43,17601.69,118.08,162.97,0.13,83.07
Gland Pharma,1062.5,21.41,17499.46,-60.18,-28.79,0.0,14.71
Godrej Industrie,517.85,17.88,17432.81,28.06,9.16,0.0,10.64
Sun TV Network,439.25,10.14,17310.17,-7.3,-1.92,3.41,26.02
Pfizer,3777.15,28.75,17279.6,12.35,4.18,0.93,26.15
Indiamart Inter.,2814.2,62.54,17231.11,19.13,27.65,0.36,17.47
Blue Dart Expres,7245.55,46.4,17193.69,-49.3,4.34,0.41,27.14
Elgi Equipments,541.6,46.29,17163.79,132.82,14.86,0.37,31.04
Zee Entertainmen,177.35,223.09,17034.81,-192.1,-9.04,1.69,7.96
Trident,33.2,38.31,16918.57,-27.91,-15.86,1.08,11.89
Chola Financial,898.65,13.08,16874.62,33.89,38.57,0.06,10.63
Cyient,1500.7,30.32,16593.99,13.79,48.27,1.73,19.77
Gillette India,5074.95,49.89,16539.26,48.17,9.28,0.71,51.17
I D F C,102.7,24.4,16431.84,-137.57,2207.02,0.97,10.38
360 ONE,455.0,24.68,16235.99,-6.07,7.29,3.79,13.37
IRB Infra.Devl.,26.85,22.52,16214.72,-25.42,13.0,0.74,8.73
Rajesh Exports,547.4,11.28,16162.53,164.22,34.54,0.18,10.3
Radico Khaitan,1208.6,79.03,16155.81,-19.63,2.38,0.25,11.66
SJVN,40.9,11.62,16072.86,317.86,55.93,4.16,9.05
Guj.St.Petronet,284.45,9.78,16048.99,-15.61,-14.43,0.7,35.05
Ratnamani Metals,2272.2,31.2,15926.3,71.59,53.9,0.53,27.63
Sanofi India,6912.3,28.92,15919.03,16.87,4.17,2.81,41.36
JBM Auto,1337.25,127.12,15812.6,-67.22,-5.8,0.07,11.77
Capri Global,765.95,77.12,15783.09,55.37,55.78,0.07,8.98
Kalyan Jewellers,147.05,33.2,15146.93,27.22,18.37,0.0,12.02
Natl. Aluminium,82.05,9.76,15069.56,-49.12,-15.62,7.92,15.15
NLC India,108.45,10.71,15038.07,154.7,66.37,2.77,8.35
Fine Organic,4888.15,24.25,14987.06,22.65,-3.28,0.18,65.36
Clean Science,1396.0,50.24,14830.9,29.12,5.99,0.36,44.46
Blue Star,767.1,53.29,14776.48,36.45,16.4,1.56,24.65
PNB Housing,567.4,13.94,14726.51,66.46,15.04,0.0,8.27
Century Plyboard,661.8,38.36,14703.41,29.42,7.15,0.23,26.22
Bajaj Electrical,1271.35,63.49,14633.49,30.82,12.29,0.31,18.66
Affle India,1096.3,59.73,14608.31,-8.89,12.93,0.0,20.22
Redington,186.0,10.44,14537.8,-10.88,26.28,3.87,24.97
Angel One,1718.8,16.32,14406.88,30.39,21.29,2.32,43.95
Happiest Minds,978.5,66.41,14370.6,-10.88,19.35,0.55,27.37
Krishna Institu.,1787.5,43.88,14304.97,15.59,54.68,0.0,25.08
K E C Intl.,551.15,80.49,14169.43,-35.59,29.25,0.73,10.11
Sonata Software,1009.45,31.32,14153.74,12.76,30.74,1.56,39.1
DCM Shriram,902.75,15.46,14077.69,-53.47,-0.86,1.55,19.57
Aster DM Health.,280.2,32.94,13996.36,-24.53,19.6,0.0,9.09
Alkyl Amines,2725.35,60.13,13926.71,4.78,-3.24,0.37,27.87
Tanla Platforms,1022.85,30.71,13747.14,-14.46,-2.29,0.59,37.77
Lak. Mach. Works,12669.1,35.24,13534.4,13.74,30.5,0.78,23.99
M R P L,77.05,5.12,13503.78,-37.12,2.36,0.0,19.98
Westlife Food,855.85,119.61,13345.8,31.14,22.26,0.0,14.74
Aether Industri.,1067.9,102.45,13296.5,44.35,24.6,0.0,18.44
Apar Inds.,3470.05,20.82,13279.4,193.83,35.72,0.43,49.92
Brigade Enterpr.,575.2,65.88,13275.19,324.24,-10.58,0.26,8.5
EIH,212.0,35.6,13257.72,996.09,111.68,0.52,15.98
RHI Magnesita,645.8,113.8,13155.68,-120.74,47.89,0.39,10.9
Finolex Cables,858.75,26.18,13133.67,28.66,3.16,0.7,18.5
Triveni Turbine,406.75,67.15,12929.64,68.16,56.3,0.31,31.66
Natco Pharma,693.2,17.69,12654.86,646.14,50.45,0.79,18.03
Nuvoco Vistas,351.05,29.86,12537.97,1981.55,-0.06,0.0,1.94
Alembic Pharma,636.4,36.16,12509.28,596.17,-0.66,1.26,7.4
G R Infraproject,1281.4,8.52,12389.73,40.9,2.71,0.0,21.72
Suven Pharma,485.85,30.07,12368.04,35.24,1.51,0.41,32.96
Aptus Value Hou.,248.25,24.58,12364.53,23.15,32.54,1.61,14.55
V-Guard Industri,282.5,68.3,12247.17,-48.86,2.84,0.46,14.47
AAVAS Financiers,1536.95,28.28,12155.08,9.58,23.14,0.0,9.51
Castrol India,120.8,15.14,11948.6,-11.34,4.71,5.38,60.76
Tata Inv.Corpn.,2342.75,47.08,11853.21,-1.14,-40.89,2.05,1.42
Asahi India Glas,487.4,32.76,11848.69,-46.63,13.64,0.41,20.63
Sheela Foam,1211.15,62.98,11816.66,-8.98,-1.05,0.0,13.64
Amara Raja Batt.,681.2,15.95,11635.75,73.84,11.4,0.9,20.18
C D S L,1110.75,42.06,11607.34,-18.74,-8.63,1.35,31.64
H U D C O,57.05,6.71,11420.84,-14.42,7.26,6.13,8.81
BASF India,2623.4,29.01,11356.7,-52.52,-3.32,0.3,20.59
Chambal Fert.,272.65,10.98,11347.91,-61.42,8.81,2.75,16.41
Indian Energy Ex,127.1,38.72,11333.41,2.46,-4.21,0.79,51.79
Raymond,1694.05,18.74,11277.92,-24.28,9.81,0.18,21.73
Aegis Logistics,321.0,24.34,11267.1,48.66,2.42,1.79,17.3
Hindustan Copper,116.05,38.0,11222.31,48.44,2.62,1.0,18.02
Manappuram Fin.,132.35,7.49,11202.03,58.4,19.6,2.27,11.75
Akzo Nobel,2432.85,33.06,11079.28,30.45,9.72,2.67,34.63
Anupam Rasayan,1030.0,65.68,11068.86,13.73,14.28,0.24,10.59
Poly Medicure,1149.9,61.56,11035.66,62.59,19.16,0.22,18.91
RBL Bank,181.95,12.36,10910.39,37.01,17.14,0.0,5.7
Finolex Inds.,175.8,46.1,10907.98,-21.64,-28.44,1.14,6.83
Cams Services,2198.55,37.86,10775.68,0.7,2.49,1.72,50.66
Eureka Forbes,557.0,235.81,10771.89,478.09,35.92,0.0,2.31
Motil.Oswal.Fin.,728.0,11.56,10770.55,-45.01,-2.28,1.37,12.96
Aditya AMC,372.35,17.98,10725.07,-14.48,-8.21,3.08,33.13
GE Shipping Co,742.5,4.31,10600.46,292.54,58.92,3.88,20.87
Vardhman Textile,366.45,13.32,10595.17,-50.48,-8.18,1.86,11.66
Data Pattern,1868.2,84.35,10458.93,-10.16,8.54,0.24,19.69
Bikaji Foods,417.8,81.65,10424.52,39.34,15.3,0.18,17.63
TTK Prestige,750.0,39.96,10396.05,-25.02,-12.59,0.8,19.16
Mahanagar Gas,1048.5,13.11,10356.85,103.95,48.19,2.38,26.79
Can Fin Homes,777.35,16.66,10350.74,34.87,36.15,0.45,8.36
Equitas Sma. Fin,90.1,17.49,10030.22,59.02,29.01,1.11,9.24
Karur Vysya Bank,124.65,9.04,10001.68,58.25,25.48,1.28,5.93
UTI AMC,785.05,23.49,9968.86,31.89,0.3,2.67,17.35
Cera Sanitary.,7660.9,46.94,9963.67,16.89,20.88,0.65,25.8
Route Mobile,1593.1,30.42,9947.83,122.44,61.11,0.56,22.03
Birlasoft Ltd,358.9,29.78,9875.44,-15.6,11.34,0.98,17.54
Rainbow Child.,961.1,46.28,9755.33,339.7,49.2,0.31,24.17
India Grid Trust,138.08,21.22,9668.08,40.1,10.56,,7.89
Century Textiles,861.5,54.32,9622.58,-48.36,-0.18,0.58,6.52
Birla Corpn.,1240.2,278.85,9550.78,-48.78,8.76,0.81,3.6
CESC,71.95,7.1,9537.48,2.12,3.02,6.25,11.3
ERIS Lifescience,698.9,25.4,9504.57,-23.13,31.66,1.05,17.01
National Standar,4751.45,1151.87,9502.9,-73.71,-48.22,0.0,5.02
Campus Activewe.,310.0,80.73,9454.55,-0.04,-1.3,0.0,23.11
Zydus Wellness,1484.05,29.47,9443.33,14.38,11.44,0.34,5.95
Sundaram Clayton,4664.7,15.15,9437.66,-8.25,22.58,1.26,13.21
City Union Bank,127.3,10.05,9425.5,4.35,16.97,0.79,6.26
Galaxy Surfact.,2649.95,24.66,9395.33,-8.0,-7.45,0.68,23.53
G N F C,599.15,6.36,9311.99,-48.06,-18.07,1.67,22.91
Welspun India,92.45,46.72,9288.68,144.66,-3.29,0.11,6.25
Astrazeneca Phar,3707.5,72.4,9268.75,75.55,22.74,0.27,31.36
Medplus Health,774.9,185.79,9245.0,132.37,29.72,0.0,5.63
Shyam Metalics,358.85,10.79,9153.57,-39.92,18.32,0.5,15.44
Ingersoll-Rand,2859.2,49.42,9025.92,129.59,37.25,0.7,43.55
Brookfield India,267.28,68.25,8956.21,-26.51,20.53,,4.1
Shoppers Stop,816.65,76.24,8955.49,189.97,29.52,0.0,15.52
HFCL,64.95,29.73,8948.54,9.95,21.13,0.28,15.69
Firstsour.Solu.,127.3,17.4,8938.95,6.74,0.83,2.75,14.5
Rites,371.95,16.49,8938.03,-3.47,-10.34,4.57,30.47
CCL Products,664.45,32.87,8839.04,61.84,38.23,0.75,15.77
Chalet Hotels,429.1,56.03,8797.62,572.13,128.28,0.0,9.24
Godfrey Phillips,1685.6,12.69,8764.1,41.8,9.9,1.66,22.83
Zensar Tech.,386.95,26.74,8760.35,-8.24,5.1,1.29,15.05
Kaynes Tech,1505.4,91.94,8752.77,107.96,52.89,0.0,21.67
Sapphire Foods,1374.15,37.47,8737.99,411.44,12.8,0.0,9.73
P & G Health Ltd,5254.7,36.22,8722.8,15.7,19.83,1.0,38.23
Godrej Agrovet,453.7,29.52,8720.43,-80.81,0.68,2.09,12.49
Kalpataru Proj.,536.55,22.6,8716.05,-13.92,18.07,1.3,14.18
V I P Inds.,613.7,49.46,8694.29,220.02,26.6,0.73,27.78
National High,119.45,33.78,8676.91,,,,4.3
Intellect Design,628.6,32.02,8557.52,-4.83,20.83,0.4,18.73
BLS Internat.,207.9,42.05,8540.95,46.94,76.74,0.24,32.19
Craftsman Auto,4026.6,35.82,8507.53,36.9,20.04,0.28,20.76
JK Lakshmi Cem.,718.55,23.58,8455.18,-45.55,16.39,0.7,14.72
PNC Infratech,327.7,12.77,8406.79,-41.31,3.54,0.15,15.03
CEAT,2077.4,40.79,8403.1,442.84,10.91,0.58,9.42
Supreme Petroch.,444.7,17.7,8362.2,-29.1,-7.4,2.02,37.43
Usha Martin,270.4,23.53,8240.22,29.9,11.57,0.74,21.34
BSE,608.55,40.03,8231.73,23.9,13.43,2.22,12.13
EID Parry,462.4,8.81,8208.41,-40.85,21.08,2.38,39.45
Kama Holdings,12770.1,6.54,8196.0,-5.49,5.74,1.3,34.34
Jindal Saw,255.9,17.58,8182.51,141.46,30.68,1.17,10.55
KRBL,340.45,11.43,8013.85,8.18,29.61,1.03,20.88
Olectra Greentec,972.2,121.66,7979.89,52.0,38.56,0.04,13.3
eClerx Services,1624.95,16.3,7966.38,11.79,17.14,0.04,37.05
Jyothy Labs,215.85,36.1,7926.2,59.8,12.85,1.39,17.89
Syrma SGS Tech.,447.9,66.36,7917.88,158.68,83.05,0.0,14.81
Saregama India,408.0,41.67,7874.79,2.48,15.07,0.74,18.16
Ircon Intl.,83.5,10.26,7853.31,6.07,28.05,2.99,15.79
Graphite India,400.25,39.3,7819.91,-69.47,-3.44,2.12,6.22
Balrampur Chini,384.65,27.34,7769.42,5.39,16.56,0.65,10.44
NCC,122.1,12.38,7666.01,119.32,42.32,1.8,20.18
Multi Comm. Exc.,1500.4,51.37,7652.04,-89.75,25.63,1.16,13.16
Metropolis Healt,1493.1,53.52,7646.29,-16.58,-7.63,0.54,17.01
Amber Enterp.,2256.2,48.36,7601.98,81.72,55.04,0.0,10.75
KSB,2157.8,41.0,7511.3,1.24,17.21,0.7,23.15
Balaji Amines,2316.55,23.07,7505.85,-56.39,-39.59,0.43,39.06
Godawari Power,528.55,9.26,7449.65,-43.28,-8.44,0.76,28.07
Cochin Shipyard,565.8,25.81,7442.56,-100.31,-52.37,2.96,8.5
Lemon Tree Hotel,93.7,64.8,7423.35,278.59,111.39,0.0,11.87
Prince Pipes,671.25,61.12,7421.41,6.68,-15.18,0.52,12.37
Ujjivan Small,37.9,6.74,7408.51,144.63,44.8,3.3,12.84
Granules India,296.9,14.27,7371.81,7.76,16.07,0.51,19.39
Latent View,351.65,46.36,7205.36,-3.82,20.1,0.0,16.83
Mahindra Life.,465.6,195.77,7201.3,-98.85,57.87,0.49,2.35
Chemplast Sanmar,454.6,33.89,7187.66,-80.11,-36.53,0.0,14.86
NBCC,39.6,20.01,7128.0,-8.91,23.72,1.26,26.2
Ramkrishna Forg.,444.7,28.72,7126.93,-18.44,24.06,0.45,18.48
Deepak Fertiliz.,562.7,5.87,7103.4,-8.87,38.91,1.78,26.27
Safari Inds.,2970.1,56.31,7043.38,269.09,57.21,0.12,37.54
Easy Trip Plann.,40.5,47.95,7040.2,58.07,88.42,0.15,54.57
JM Financial,73.45,11.74,7014.71,-81.9,4.44,2.45,9.42
Allcargo Logist.,284.15,11.56,6981.44,-78.79,-37.87,1.14,19.71
Glenmark Life,569.15,14.93,6973.63,47.99,20.87,3.69,29.86
Praj Industries,377.6,28.93,6937.01,52.84,20.82,0.72,31.44
T N Merc. Bank,437.85,6.74,6933.42,11.5,8.47,0.0,6.72
Home First Finan,784.0,30.26,6907.67,6.38,45.34,0.33,10.34
Laxmi Organic,259.9,55.41,6902.35,-65.32,-16.68,0.19,11.31
EPL Ltd,214.65,30.01,6830.37,73.1,10.12,2.0,12.3
Welspun Corp,260.95,34.27,6824.61,-0.09,102.39,1.92,7.91
KNR Construct.,242.0,17.04,6805.88,1.85,13.0,0.1,21.44
Indigo Paints,1428.9,51.54,6799.89,40.73,12.86,0.24,21.69
Delta Corp,253.95,26.0,6795.59,-3.4,4.05,0.49,15.76
Jubilant Ingrev.,426.5,22.09,6793.34,-23.74,-11.64,1.17,15.96
Minda Corp,282.5,23.74,6753.99,60.74,13.38,0.42,16.39
BEML Ltd,1620.8,42.75,6749.01,18.19,-17.56,0.62,10.81
Jupiter Wagons,173.8,53.71,6733.84,191.49,96.27,0.0,24.39
Quess Corp,449.9,36.2,6668.84,-59.85,17.09,1.78,9.74
GMM Pfaudler,1480.5,37.29,6655.92,127.43,23.82,0.27,24.72
India Infr Trust,100.0,12.16,6640.0,,,,8.29
Borosil Renew.,505.95,74.58,6603.7,-74.8,4.74,0.0,11.6
Archean Chemical,536.25,17.2,6598.72,67.02,2.62,0.47,45.84
Garden Reach Sh.,575.3,28.89,6590.18,17.16,10.68,1.01,20.81
Keystone Realtor,577.8,82.77,6579.84,85.05,47.3,0.0,5.53
Elecon Engg.Co,584.35,27.46,6556.4,46.76,28.06,0.34,24.9
Kirl. Ferrous,470.3,18.64,6536.45,25.42,10.04,1.17,22.38
G S F C,163.9,5.05,6531.05,-17.71,17.73,1.53,13.39
C.E. Info System,1205.5,59.48,6468.81,17.17,18.65,0.17,28.96
Engineers India,114.95,18.66,6460.68,140.34,7.62,2.61,23.81
Tega Inds.,971.4,35.02,6445.64,58.06,36.67,0.21,21.26
TV18 Broadcast,37.35,55.11,6403.14,-86.31,-6.04,0.0,3.37
Mah. Seamless,476.35,8.35,6383.05,-5.79,14.31,0.52,20.42
Garware Tech.,3105.9,36.76,6329.26,10.73,3.98,0.23,21.37
KFin Technolog.,370.75,32.18,6299.49,12.11,1.26,0.0,29.32
VRL Logistics,713.05,37.92,6299.33,16.6,17.56,1.12,17.81
Brightcom Group,31.2,4.59,6295.92,2.73,10.28,0.96,30.91
Jindal Worldwide,313.9,54.39,6294.34,-23.15,-24.58,0.03,15.7
HEG,1630.35,11.82,6292.42,-22.86,-8.35,2.45,13.02
Symphony,897.4,54.12,6277.94,-74.6,-19.79,1.0,14.68
Just Dial,738.7,38.52,6276.0,278.46,39.52,0.0,5.38
Mah. Scooters,5479.8,32.07,6263.41,-47.77,-10.9,2.92,0.92
Schneider Elect.,260.45,57.49,6227.36,1601.87,20.73,0.0,27.61
Triven.Engg.Ind.,283.1,11.66,6197.0,66.89,47.9,1.15,17.52
PTC Industries,4602.15,306.4,6158.72,129.1,16.65,0.0,10.63
SIS,421.75,17.91,6146.14,-3.99,13.13,0.0,10.55
PCBL Ltd,162.75,14.38,6143.2,15.87,12.72,3.38,16.96
Go Fashion (I),1136.9,74.16,6140.28,20.16,35.57,0.0,17.72
Caplin Point Lab,806.55,16.27,6123.47,28.05,14.75,0.5,26.82
Esab India,3976.2,45.1,6119.37,96.25,13.97,1.96,71.44
Rolex Rings,2225.1,30.59,6059.68,18.82,4.12,0.0,31.79
ION Exchange,412.9,31.06,6055.86,-2.26,30.45,0.24,33.41
Mahindra Holiday,300.05,53.09,6043.22,254.82,31.15,0.0,9.93
Titagarh Rail,503.8,44.74,6023.99,116.8,130.75,0.0,17.59
TCI Express,1571.7,43.23,6021.44,7.01,9.41,0.51,32.67
R C F,109.05,6.72,6016.18,-64.09,13.97,3.53,21.06
Guj Pipavav Port,122.8,17.42,5936.64,42.42,6.86,4.97,19.58
Mastek,1943.5,21.38,5933.26,-9.17,21.95,0.98,25.4
Karnataka Bank,189.35,5.01,5910.38,171.38,24.74,2.11,6.1
MTAR Technologie,1917.75,56.68,5898.92,55.17,99.16,0.16,22.53
Action Const.Eq.,490.1,34.01,5836.27,33.15,20.22,0.12,28.89
J & K Bank,60.65,4.94,5831.38,32.46,24.84,0.0,5.11
JK Tyre & Indust,236.75,19.43,5829.52,177.43,9.68,0.63,11.34
Sterlite Tech.,146.2,25.23,5827.77,1415.15,25.05,0.34,11.02
Himadri Special,132.7,24.49,5825.47,846.44,23.4,0.19,13.7
Indiabulls Hous.,123.4,5.16,5819.5,-15.04,-5.21,0.0,9.8
Hindustan Foods,515.85,81.77,5815.83,65.14,13.46,0.0,18.19
Kennametal India,2645.95,59.83,5815.33,-42.01,4.07,0.91,25.1
C P C L,387.75,1.63,5774.04,0.98,9.72,0.52,45.54
Authum Invest,338.7,88.89,5752.65,,,0.0,
Anant Raj,177.35,38.6,5747.85,114.53,29.75,0.28,5.82
Greenlam Industr,451.55,44.79,5734.35,80.36,15.2,0.33,14.16
Star Cement,140.9,23.0,5694.9,8.71,10.12,0.0,16.8
CMS Info Systems,367.95,20.63,5681.15,38.59,12.64,0.0,26.4
Kirloskar Oil,392.0,17.11,5675.6,16.33,17.08,1.02,13.73
Hinduja Global,1079.6,21.01,5670.09,-47.7,-3.62,12.64,3.47
Suprajit Engg.,408.45,37.16,5652.65,-15.69,38.17,0.49,15.22
Bengal & Assam,4963.05,5.71,5606.42,47.02,10.84,0.3,17.66
H.G. Infra Engg.,855.4,11.3,5574.74,64.43,44.21,0.12,25.37
Transport Corp.,716.4,17.35,5556.65,-1.15,9.0,0.98,22.72
Fusion Microfin.,549.35,14.28,5528.15,767.58,42.92,0.0,14.24
Rain Industries,163.2,4.33,5489.23,-62.02,18.41,0.61,17.41
Guj. Ambuja Exp,238.6,16.57,5471.94,-54.62,13.78,0.27,17.91
Mishra Dhatu Nig,291.95,35.09,5469.39,-18.37,6.58,1.06,14.99
JK Paper,320.25,4.45,5425.11,64.86,28.33,1.72,29.34
VST Industries,3460.6,16.34,5343.17,-21.21,-0.3,4.33,38.06
Avanti Feeds,392.05,18.59,5341.51,14.75,-17.96,1.59,22.12
G M D C,165.45,4.33,5261.31,107.55,-9.98,2.6,31.47
Sarda Energy,1467.75,8.59,5172.08,-45.27,1.72,0.51,19.81
ICRA,5341.65,38.12,5155.35,14.85,16.4,0.75,20.06
Varroc Engineer,337.0,132.77,5148.9,221.68,2.3,0.0,8.54
Paradeep Phospha,63.2,16.95,5147.62,-73.44,91.91,0.0,10.75
FDC,310.25,26.56,5147.36,195.09,27.49,0.0,13.1
Orient Electric,239.4,67.34,5107.98,-49.53,-12.67,0.63,19.23
Spandana Sphoort,719.1,413.65,5104.41,536.07,80.62,0.0,5.95
ISGEC Heavy,693.6,25.96,5100.01,128.83,27.98,0.29,10.53
Elantas Beck,6427.75,53.18,5097.21,26.74,8.43,0.08,21.55
Sobha,537.0,48.88,5093.22,242.25,70.34,0.56,8.25
JSW Holdings,4588.4,17.0,5093.12,28.78,27.48,0.0,2.07
Vaibhav Global,307.7,48.38,5078.42,-21.49,1.1,1.95,11.13
Power Mech Proj.,3365.65,24.2,5016.96,57.87,30.11,0.04,22.22
Sharda Cropchem,553.7,14.61,4995.51,12.35,3.3,1.08,20.76
Gujarat Alkalies,678.0,8.65,4979.23,-49.52,-0.29,1.47,13.14
R Systems Intl.,418.0,33.91,4945.08,20.71,17.77,1.56,30.64
CSB Bank,284.25,9.01,4931.33,19.64,22.51,0.0,6.92
GHCL,515.25,4.53,4925.06,12.36,6.3,3.4,35.53
Vesuvius India,2399.55,35.68,4871.09,83.45,18.02,0.34,16.66
Kirl. Brothers,610.3,20.37,4846.33,83.85,17.83,0.74,21.92
Borosil,422.45,55.61,4834.0,-38.24,21.81,0.0,13.25
Vijaya Diagnost.,472.7,57.01,4824.9,15.94,4.12,0.21,18.62
La Opala RG,432.25,39.01,4797.98,22.64,21.45,0.53,22.32
Rossari Biotech,869.85,44.81,4797.7,20.35,-7.4,0.06,18.45
Nazara Technolo.,724.6,117.86,4794.97,49.61,65.22,0.0,8.54
Newgen Software,678.7,28.16,4749.55,36.05,34.61,0.74,23.95
Mrs Bectors,806.95,52.7,4746.28,171.08,37.16,0.31,20.94
Arvind Fashions.,356.4,127.53,4733.22,1347.11,24.36,0.0,13.72
MMTC,31.55,15.34,4732.5,-89.18,-68.6,0.0,22.95
Surya Roshni,866.9,14.07,4716.71,88.58,-6.51,0.46,22.81
Ujjivan Fin.Ser.,386.15,5.28,4698.6,68.94,44.77,1.29,10.54
Edelweiss.Fin.,49.8,13.65,4697.51,251.73,57.61,2.91,10.25
S C I,100.8,5.87,4695.26,183.91,8.35,0.33,8.79
Ami Organics,1272.2,55.66,4635.52,27.82,29.85,0.24,20.45
Tata Coffee,247.95,27.58,4630.97,17.49,10.17,1.21,11.66
Sansera Enginee.,870.45,30.67,4607.25,-8.56,7.15,0.23,14.6
Meghmani Fineche,1107.0,13.02,4599.6,-22.49,12.71,0.45,32.07
L T Foods,131.7,11.36,4573.32,79.26,19.33,0.76,17.67
Lux Industries,1508.85,33.01,4537.37,-59.18,21.86,0.8,12.72
Rategain Travel,417.85,66.17,4526.03,190.29,69.57,0.0,10.08
NESCO,631.55,15.31,4449.9,58.53,72.66,0.48,20.72
Nava,306.1,4.79,4441.53,3.03,-13.28,1.96,18.84
PDS,338.15,16.74,4436.43,-26.64,-1.22,1.51,25.45
Health.Global,318.45,251.5,4431.46,151.11,21.14,0.0,8.37
HLE Glascoat,648.6,81.36,4427.7,26.89,33.96,0.15,17.7
Responsive Ind,162.95,180.92,4349.34,747.29,-27.0,0.06,4.62
Aarti Drugs,465.1,28.18,4306.83,0.32,8.56,0.22,15.11
HBL Power System,155.0,44.1,4296.52,3.71,7.67,0.26,13.6
Share India Sec.,1307.25,13.03,4270.75,41.28,16.31,0.46,52.44
Team Lease Serv.,2493.15,37.55,4262.48,-14.49,11.55,0.0,14.82
MAS FINANC SER,777.45,20.91,4249.7,23.49,46.26,0.47,11.46
Rajratan Global,836.45,42.42,4246.74,-45.26,-11.37,0.24,27.04
Man Infra,114.0,16.37,4232.25,118.36,157.42,0.79,33.59
Privi Speci.,1080.45,187.83,4220.53,-153.72,6.93,0.19,5.48
Infibeam Avenues,15.75,30.95,4217.51,36.08,76.64,0.16,6.01
Kirl.Pneumatic,652.5,39.7,4217.41,-40.74,-9.74,0.84,19.53
JP Power Ven.,6.15,73.87,4214.88,-1746.26,-1.87,0.0,5.16
Railtel Corpn.,130.75,22.02,4196.27,10.12,51.15,1.84,16.34
Harsha Engg Intl,460.65,32.67,4193.95,7.82,-10.26,0.22,17.8
Gravita India,606.95,20.84,4190.26,54.35,12.39,0.49,31.11
Shriram Pistons,1890.25,14.17,4163.26,81.42,19.37,0.53,25.2
IRB InvIT Fund,71.2,11.18,4133.16,475.69,-19.79,,8.66
Marksans Pharma,91.2,15.58,4132.85,191.46,16.25,0.55,22.46
Sunteck Realty,281.8,2927.5,4127.77,-548.26,-68.52,0.53,2.56
Polyplex Corpn,1312.85,11.83,4121.36,-95.9,-11.6,7.92,17.46
Volt.Transform.,4052.8,20.51,4100.27,47.65,13.6,0.86,25.5
Indo Count Inds.,206.95,14.81,4098.73,11.24,17.32,0.97,15.1
Tatva Chintan,1843.25,83.64,4085.58,17.3,26.37,0.11,8.88
Greenpanel Inds.,332.6,16.12,4078.59,-14.47,-6.1,0.45,27.17
Prudent Corp.,982.55,34.87,4068.41,81.55,36.62,0.1,51.44
Ahluwalia Contr.,607.1,20.97,4066.81,70.43,18.09,0.05,24.82
Jamna Auto Inds.,101.95,24.15,4066.09,-7.65,1.28,1.47,27.43
South Ind.Bank,19.3,5.21,4038.99,22.74,20.64,0.0,5.42
Neogen Chemicals,1613.8,80.41,4024.71,-8.55,30.05,0.17,13.16
Techno Elec.Engg,364.0,43.24,4004.0,-97.5,2.54,0.55,7.93
Bharat Rasayan,9586.25,29.7,3983.34,-49.49,-31.23,0.02,20.34
Hindware Home In,544.8,68.43,3938.71,-39.02,11.99,0.09,14.8
Heidelberg Cem.,171.95,39.29,3896.61,-62.64,-2.9,4.07,10.67
Hikal,313.45,49.3,3864.86,73.83,8.55,0.51,8.47
TD Power Systems,247.1,40.25,3858.04,39.21,9.98,0.28,21.5
Sula Vineyards,457.5,43.43,3855.36,36.3,13.87,1.15,19.92
Rallis India,197.1,41.64,3832.98,-389.24,2.97,1.52,7.77
DCB Bank,122.4,8.19,3815.58,25.36,28.19,1.02,6.71
AGI Greenpac,577.3,15.01,3734.98,151.81,57.54,0.87,14.76
NOCIL,221.15,24.71,3685.37,-58.91,-15.13,1.36,13.5
Dhanuka Agritech,799.95,15.61,3646.04,20.04,16.63,1.75,29.31
Nilkamal Ltd,2441.7,27.55,3643.02,141.78,11.7,0.82,13.33
Neuland Labs.,2830.75,22.21,3631.82,288.15,59.09,0.35,20.77
Globus Spirits,1259.9,29.7,3628.86,-26.22,12.85,0.48,18.51
Shanthi Gears,471.4,53.94,3616.39,59.33,19.09,1.06,32.08
Anand Rathi Wea.,865.95,21.47,3609.99,26.92,25.96,1.39,47.91
Gateway Distri,72.2,15.3,3607.43,-21.98,3.53,2.77,12.76
Force Motors,2733.85,114.58,3603.21,191.12,69.06,0.37,4.69
Nirlon,399.4,22.79,3599.39,34.21,8.12,6.51,22.37
Thomas Cook (I),76.4,518.79,3593.75,84.61,151.55,0.52,5.17
Choice Intl.,360.95,59.8,3591.89,97.91,47.59,0.0,15.84
PG Electroplast,1578.75,46.35,3590.49,46.29,61.21,0.0,17.28
Avalon Tech,549.9,68.39,3590.44,113.04,29.58,0.0,16.74
L G Balakrishnan,1142.6,15.14,3586.9,-18.17,-6.42,1.4,24.27
Technocraf.Inds.,1558.7,13.58,3579.04,-29.82,-13.25,0.0,19.91
Electrost.Cast.,59.85,11.27,3558.71,-20.81,18.73,1.34,9.93
Shivalik Bimetal,617.2,48.68,3555.33,42.43,23.3,0.11,37.71
Tasty Bite Eat.,13612.75,115.62,3493.03,95.92,9.05,0.01,13.71
Tinplate Co.,333.6,25.91,3491.79,-50.57,-15.81,1.2,15.78
JTEKT India,142.75,41.74,3489.96,45.67,12.8,0.28,16.65
Astra Microwave,367.2,49.93,3486.38,24.04,7.94,0.38,17.04
Arvind Ltd,133.05,9.57,3479.22,-13.17,-14.4,0.0,12.25
Dodla Dairy,584.0,28.96,3474.38,-44.34,22.82,0.0,16.21
Prime Focus,115.85,19.7,3470.13,3370.61,30.66,0.0,17.23
Bannari Amm.Sug.,2759.0,24.13,3459.7,105.6,42.12,0.45,11.93
Natl.Fertilizer,70.15,7.55,3441.42,-658.17,41.09,2.18,14.92
Tips Industries,267.2,44.85,3431.56,15.07,52.46,0.07,87.39
PTC India,115.2,7.65,3410.04,-21.41,16.88,6.77,9.82
Hawkins Cookers,6392.05,35.68,3381.39,6.69,-6.61,1.56,45.83
Dreamfolks Servi,646.5,46.56,3377.96,181.65,139.73,0.0,79.39
IKIO Lighting,437.1,66.84,3377.94,,,0.0,40.58
Ethos Ltd,1444.95,56.42,3373.85,67.78,30.8,0.0,16.4
Aarti Pharma,370.95,17.38,3361.77,-12.3,5.38,0.0,16.12
Sudarshan Chem.,485.55,75.08,3361.33,-27.07,10.21,1.03,6.11
Automotive Axles,2223.15,20.73,3359.18,30.82,25.48,0.67,30.87
eMudhra,429.85,54.98,3355.94,46.43,69.22,0.29,24.04
Mold-Tek Pack.,1011.2,41.7,3353.62,32.79,3.81,0.79,19.58
Fineotex Chem,300.95,37.74,3332.97,56.3,13.43,0.13,37.3
Sandur Manganese,1232.4,12.29,3328.2,-26.13,-15.15,0.41,18.85
Kewal Kir.Cloth.,539.6,27.88,3325.29,27.48,17.64,2.04,27.86
Zen Technologies,417.9,79.97,3322.72,479.81,245.14,0.02,23.89
MOIL,162.45,13.3,3305.62,-36.19,-8.51,3.69,15.12
West Coast Paper,500.4,3.47,3305.14,130.91,27.18,2.0,61.54
IFB Industries,812.7,191.01,3293.06,73.53,11.39,0.0,6.36
Datamatics Glob.,558.2,17.75,3290.55,26.32,32.87,0.67,24.77
Kirloskar Indus.,3317.65,14.62,3279.35,199.25,51.81,0.3,20.03
Saksoft,308.4,39.76,3259.48,42.39,30.89,0.23,28.42
Genus Power,126.45,93.12,3257.29,13.57,11.75,0.2,6.13
Electronics Mart,83.7,26.22,3220.35,2.18,7.89,0.0,12.02
Wonderla Holiday,568.4,21.6,3215.63,311.87,69.59,0.0,22.67
Steel Str. Wheel,204.95,16.55,3207.74,-3.25,-5.49,0.37,21.4
Tarsons Products,602.25,39.8,3204.35,-22.54,-3.4,0.0,18.95
Greaves Cotton,134.75,40.46,3126.2,64.26,33.2,0.15,10.45
Advanced Enzyme,279.4,29.28,3124.36,43.31,5.3,1.43,12.28
Ganesh Housing,372.6,31.05,3107.0,56.68,15.4,0.64,24.8
Va Tech Wabag,489.85,10.67,3046.4,183.12,3.92,0.0,19.73
Welspun Enterp,201.8,12.76,3029.69,112.46,77.46,0.5,10.14
JTL Industries,358.25,33.23,3021.56,93.4,13.14,0.0,37.64
Somany Ceramics,710.05,44.14,3015.88,41.64,10.12,0.42,10.44
Indoco Remedies,326.95,21.18,3012.86,-36.19,4.65,0.46,17.27
Dalmia Bharat,371.95,12.13,3010.94,99.73,35.8,1.08,12.42
Uflex,414.2,5.08,2990.94,-87.89,-12.61,0.72,10.36
Max Ventures,202.5,175.47,2979.47,-14.25,-19.29,0.0,2.27
Jai Corp,166.65,167.45,2973.86,-60.31,-25.52,0.3,3.87
KPI Green Energy,815.3,26.78,2946.01,224.4,143.56,0.19,24.66
Gokaldas Exports,483.1,17.41,2929.59,-22.53,-10.59,0.0,23.08
Bombay Super Hyb,277.95,173.82,2916.73,38.41,20.59,0.0,22.17
Sunflag Iron,160.75,12.94,2897.03,-2.72,28.97,0.0,11.84
Nucleus Soft.,1073.4,25.68,2873.85,269.87,34.74,0.93,27.11
Jindal Poly Film,654.7,8.65,2866.7,-215.37,-57.35,0.76,12.45
Landmark Cars,711.9,31.77,2858.79,35.69,17.5,0.0,20.05
Subros,438.0,59.63,2857.33,9.79,9.84,0.23,8.91
Kaveri Seed Co.,509.85,10.49,2851.17,-31.61,10.66,0.78,21.61
Maithan Alloys,978.1,4.74,2847.4,-59.46,-36.12,0.61,28.76
Divgi Torq,923.4,55.2,2824.03,15.85,25.78,0.36,15.46
Gabriel India,196.05,21.28,2816.14,25.41,7.69,0.79,21.97
ITD Cem,163.2,22.57,2803.57,129.91,38.98,0.46,19.04
WPIL,2870.25,14.8,2803.4,46.25,35.87,0.35,31.67
Bajaj Consumer,193.8,20.13,2802.45,12.95,14.29,4.13,21.11
Sagar Cements,214.1,152.75,2798.45,951.26,23.88,0.33,6.82
Pricol Ltd,229.3,23.82,2794.74,126.79,26.35,0.0,20.19
I T D C,324.6,46.95,2784.07,710.98,74.5,0.0,27.15
Navneet Educat.,122.45,17.32,2769.98,-24.17,26.99,1.22,19.06
Goodyear India,1197.35,22.48,2762.29,93.27,9.09,2.21,25.13
Apollo Pipes,702.35,115.53,2762.22,-3.65,1.81,0.14,8.8
Mahindra Logis.,382.8,111.96,2757.54,-113.04,16.9,0.65,7.22
Apcotex Industri,531.4,25.56,2755.04,-24.89,-7.7,1.04,28.0
Thyrocare Tech.,517.95,48.12,2741.51,-51.2,1.21,3.48,15.37
Orient Cement,133.35,22.24,2731.92,-8.0,8.98,1.12,11.96
Hind.Oil Explor.,206.1,13.23,2725.53,1501.35,314.81,0.0,20.42
Best Agrolife,1151.6,14.17,2722.93,-122.04,-17.92,0.17,34.43
Stylam Industrie,1587.15,28.03,2689.91,62.76,31.8,0.16,32.24
Dish TV India,14.6,12.0,2688.28,-69.41,-21.45,0.0,32.62
Time Technoplast,118.85,12.27,2687.75,14.54,14.77,0.84,13.36
Ramky Infra,385.6,34.29,2668.27,135.43,6.7,0.0,16.76
Magellanic Cloud,226.95,35.8,2652.57,1032.7,74.99,0.06,32.91
Tilaknagar Inds.,142.5,36.6,2641.09,225.92,48.28,0.07,15.55
Patel Engineerin,33.75,14.19,2610.96,64.39,16.77,0.0,13.97
Astec Lifescienc,1327.85,101.81,2603.34,-111.54,-53.32,0.11,7.75
Hathway Cable,14.7,36.58,2602.05,-129.87,2.41,0.0,2.38
M B Agro Prod.,592.6,20.9,2596.39,46.65,60.3,0.04,37.76
Swaraj Engines,2131.4,19.38,2588.85,59.93,48.46,4.32,55.41
Kolte Patil Dev.,338.65,25.12,2573.89,367.79,111.91,0.59,13.44
Barbeque-Nation,660.3,177.55,2573.77,-2166.67,11.64,0.0,8.99
PSP Projects,713.35,19.31,2568.06,-13.94,30.98,0.7,24.53
Dynamatic Tech.,3778.85,59.98,2566.38,16.91,14.64,0.26,10.2
Camlin Fine,162.9,57.38,2559.05,-38.41,9.63,0.0,9.86
Grauer & Weil,111.95,22.36,2537.97,37.82,25.48,0.71,23.58
Siyaram Silk,541.2,10.07,2536.61,8.85,10.63,2.03,28.52
Texmaco Rail,78.55,97.96,2528.29,235.41,87.0,0.13,6.18
Eveready Inds.,346.2,125.0,2516.18,43.05,18.62,0.0,11.97
India Pesticides,218.2,17.39,2512.87,-2.11,11.75,0.34,27.85
Tata Metaliks,795.45,31.22,2511.83,83.0,14.61,1.01,7.91
D B Corp,141.1,14.85,2511.62,67.33,12.5,4.25,11.75
Uniparts India,554.15,12.21,2501.09,0.0,-5.28,2.57,31.61
Kingfa Science,2051.45,30.52,2484.4,318.51,20.1,0.0,24.73
DCX Systems,255.65,34.55,2472.74,26.74,36.5,0.0,13.12
VST Till. Tract.,2843.55,26.6,2456.69,81.67,47.74,0.7,15.89
Kovai Medical,2243.45,21.2,2454.33,62.38,21.13,0.22,16.35
IOL Chemicals,417.7,17.52,2452.13,135.21,2.57,0.96,13.64
MSTC,347.0,10.1,2442.88,-19.83,0.36,3.72,37.95
Sadhana Nitro,123.9,767.0,2423.71,176.56,20.94,0.12,4.8
SG Finserve,586.0,131.37,2418.6,2136.23,10916.0,0.0,377.0
Lumax Auto Tech.,353.1,24.45,2406.65,9.58,18.32,1.27,16.89
Cigniti Tech.,851.25,14.21,2392.44,117.88,23.51,0.35,38.15
Paras Defence,613.25,66.56,2391.68,-14.97,-4.0,0.0,12.91
Venky's (India),1696.55,33.91,2389.99,-56.02,-15.2,0.77,7.75
Ganesha Ecosphe.,1080.7,33.96,2359.1,-65.14,5.01,0.19,10.79
Fiem Industries,1789.0,16.84,2354.29,12.82,-10.88,1.68,26.62
Waaree Renewab.,1127.0,42.4,2345.83,81.51,-19.79,0.04,84.06
Hil Ltd,3099.7,24.06,2336.42,-90.88,-9.08,1.45,8.64
Lloyds Steels,23.6,59.65,2333.33,413.6,852.6,0.21,29.2
Balmer Lawrie,136.35,13.91,2331.64,-6.6,5.68,4.77,10.38
Venus Pipes,1147.25,52.67,2328.47,66.42,59.99,0.04,22.79
Sharda Motor,777.8,11.26,2312.53,31.2,11.38,1.05,39.08
ISMT,76.35,25.07,2294.33,-94.31,12.04,0.0,11.21
Mayur Uniquoters,519.7,21.25,2284.22,40.77,35.33,0.38,18.08
Paisalo Digital,50.75,23.53,2278.79,57.03,18.46,0.2,11.39
J Kumar Infra,300.8,8.29,2276.02,-0.18,1.77,1.0,17.36
Meghmani Organi.,89.4,10.18,2273.57,-61.9,-29.28,1.57,16.13
Confidence Petro,80.05,25.3,2273.52,80.4,75.43,0.12,17.64
Gulf Oil Lubric.,463.45,9.78,2272.14,-1.92,23.97,1.08,23.48
Gufic BioScience,233.65,28.42,2265.11,-10.61,6.69,0.04,22.64
Cartrade Tech,482.5,69.34,2260.48,136.71,17.3,0.0,2.38
Honda India,2229.1,23.45,2260.31,6.16,-3.2,0.74,18.83
Black Box,134.25,32.53,2254.12,107.58,16.62,0.0,23.36
TVS Srichakra,2940.8,27.46,2252.65,125.0,1.87,0.55,8.95
Ashoka Buildcon,79.85,5.38,2241.57,-76.88,22.93,0.0,40.65
M M Forgings,926.3,17.81,2236.16,229.96,18.43,0.65,16.27
Jayaswal Neco,23.0,8.03,2233.3,-98.88,-7.71,0.0,9.66
Aurionpro Sol.,975.5,22.77,2224.16,32.21,38.69,0.26,25.68
Imagica. Enter.,45.75,6.08,2204.21,1190.35,62.61,0.0,34.81
Greenply Industr,178.5,26.36,2200.85,-61.79,4.59,0.28,11.63
Vindhya Telelink,1853.3,11.85,2196.16,80.68,284.24,0.54,8.1
Puravankara,92.35,32.94,2189.99,232.9,31.62,5.41,8.65
Ugro Capital,236.25,54.88,2183.16,130.54,88.18,0.0,10.93
Bhansali Engg.,131.5,16.06,2181.66,-80.76,-26.43,1.52,19.14
Fino Payments,260.25,33.28,2165.65,25.31,131.31,0.0,9.14
Amrutanjan Healt,738.25,54.18,2157.95,-13.66,-5.85,0.62,19.27
Dollar Industrie,380.1,37.02,2155.78,-90.08,8.94,0.79,9.65
Banco Products,301.35,9.15,2155.21,26.97,20.26,6.64,25.71
Rupa & Co,269.3,39.86,2141.6,-61.69,-10.9,1.11,7.59
Vishnu Chemicals,356.9,15.61,2131.77,24.71,0.66,0.11,30.49
Sundaram Fin.Hol,95.95,8.97,2130.38,29.42,-4.46,3.13,1.43
Pilani Invest.,1922.3,8.65,2128.42,37.99,2.15,0.78,2.26
Paushak,6890.65,40.28,2123.78,8.55,7.3,0.17,21.48
DDev Plastiks,204.2,20.3,2113.07,167.53,7.24,0.11,32.39
Agro Tech Foods.,856.75,135.14,2087.9,3.93,-5.03,0.35,4.55
CARE Ratings,702.3,24.97,2085.87,-14.41,17.65,2.42,18.83
Thangamayil Jew.,1519.05,26.14,2084.14,288.85,26.68,0.79,16.82
Sanghvi Movers,480.95,18.59,2082.51,82.42,16.02,0.21,17.2
Yasho Industries,1822.95,32.33,2078.02,3.25,-19.64,0.03,22.34
Aptech,501.1,30.67,2075.93,30.53,175.66,0.86,34.82
Federal-Mogul Go,372.2,20.53,2070.55,53.39,15.23,0.0,15.48
Huhtamaki India,273.1,34.08,2062.5,44.21,-9.19,0.73,7.37
Wendt India,10310.85,54.32,2062.17,71.22,23.41,0.78,28.82
ADF Foods,936.2,36.83,2057.09,43.53,13.82,0.53,18.85
Vadilal Inds.,2860.4,21.36,2056.63,32.69,20.38,0.04,25.0
Indostar Capital,151.0,9.13,2054.8,110.08,-16.28,0.0,9.14
Garware Hi Tech,882.35,12.34,2049.91,-4.54,7.88,1.13,12.11
Thirumalai Chem.,200.2,22.84,2049.81,-114.26,-26.06,0.75,10.86
Orchid Pharma,499.9,147.0,2040.41,671.73,17.84,0.0,4.99
Butterfly Gan Ap,1135.5,39.34,2030.27,112.21,-1.6,0.26,30.26
Som Distilleries,261.9,33.56,2023.45,148.36,73.23,0.1,15.65
Savita Oil Tech,290.05,9.11,2004.26,-37.08,16.76,1.72,24.04
Novartis India,810.55,19.86,2001.31,3.52,-22.57,1.23,15.1
Vidhi Specialty,400.25,52.8,1999.05,-35.98,-38.3,0.2,17.58
Supriya Lifesci.,247.85,22.2,1994.77,-17.27,-21.51,0.24,18.54
Lumax Industries,2120.25,18.56,1982.43,-30.04,10.69,1.27,19.29
Accelya Solution,1323.95,17.76,1976.66,40.31,28.74,4.68,37.7
Wheels India,813.3,30.03,1957.17,-10.88,6.17,0.86,11.97
Repco Home Fin,312.15,6.6,1952.85,95.34,6.92,0.8,9.04
Heritage Foods,210.25,33.65,1951.04,41.85,17.49,1.19,10.93
Aditya Vision,1619.25,30.37,1947.71,-17.42,17.58,0.37,26.46
Ashiana Housing,189.65,69.62,1941.11,64.5,48.1,0.47,4.03
Tanfac Inds.,1930.2,34.3,1925.37,217.0,72.18,0.47,48.02
Cosmo First,705.35,7.88,1922.72,-70.59,-12.89,3.31,16.95
Sandhar Tech,316.6,25.86,1905.64,33.81,11.91,0.71,8.97
Sirca Paints,345.7,41.09,1894.74,53.31,26.19,0.29,25.33
India Glycols,611.9,18.26,1894.44,-46.79,-3.6,1.23,8.09
NACL Industries,95.25,19.96,1893.97,64.52,27.14,0.58,15.17
Carysil,704.9,36.06,1890.25,-24.02,4.78,0.34,17.73
Arman Financial,2224.35,20.14,1889.27,122.36,96.95,0.0,18.72
TARC Ltd,63.85,92.63,1884.19,100.63,1079.98,0.0,6.03
Styrenix Perfor.,1070.35,10.29,1882.75,-57.16,-1.38,9.81,30.42
Sh.Global Trad.,14.71,37.07,1871.3,-79.69,1150.85,0.68,7.14
IIFL Securities,61.05,7.47,1865.77,9.46,15.9,4.91,22.97
Alembic,72.15,9.24,1852.68,6368.13,103.51,2.49,4.28
Panama Petrochem,304.65,7.91,1842.94,-9.61,0.42,2.63,34.97
AXISCADES Tech.,482.05,49.21,1841.4,39.19,17.27,0.0,22.98
Suryoday Small,173.45,23.7,1841.32,180.86,39.25,0.0,6.8
Krsnaa Diagnost.,585.05,28.92,1836.92,-38.9,7.44,0.43,11.96
Shalby,169.35,27.03,1829.15,37.22,22.4,0.59,10.39
Manorama Indust.,1533.65,61.39,1828.08,46.63,31.04,0.0,13.18
Hariom Pipe,661.35,39.52,1826.36,76.56,102.54,0.0,17.01
Optiemus Infra.,210.5,43.15,1807.29,508.48,75.06,0.71,13.49
Mukand,124.65,10.49,1801.14,133.02,-1.29,1.2,13.93
Thejo Engg.,1682.65,55.54,1800.6,,,0.12,24.8
MPS,1051.0,20.84,1797.82,33.85,18.68,1.9,33.81
Prataap Snacks,765.3,88.37,1794.86,813.2,6.96,0.07,1.12
Dhampur Sugar,269.8,11.37,1791.14,103.23,43.86,2.22,15.0
TTK Healthcare,1263.8,2.79,1785.79,383.89,13.53,0.79,10.06
NRB Bearings,184.15,17.82,1784.83,67.69,22.75,2.23,16.72
Precision Camshf,187.75,38.53,1783.36,1110.0,21.63,0.53,8.4
Centum Electron,1383.05,266.37,1782.03,504.87,35.68,0.29,7.57
Seshasayee Paper,281.1,4.48,1772.85,107.79,21.7,2.13,36.53
Tide Water Oil,1009.75,15.37,1759.39,-9.0,5.67,4.16,19.78
Filatex India,39.35,19.43,1746.57,-76.31,-3.97,0.25,12.75
The Anup Enginee,1757.4,33.85,1740.91,-39.83,44.2,0.46,16.5
Indian Metals,320.85,7.45,1731.12,-52.3,-15.83,3.12,18.05
Skipper,168.35,52.84,1728.45,-16.95,18.95,0.06,11.78
Vakrangee,16.3,1727.01,1727.01,-72.58,5.9,0.31,0.29
Parag Milk Foods,147.0,32.4,1725.42,103.78,42.45,0.0,8.57
SJS Enterprises,566.0,29.3,1722.79,-15.29,-5.62,0.0,19.78
Rama Steel Tubes,36.9,64.45,1718.89,52.43,58.49,0.05,15.59
Monte Carlo Fas.,828.85,12.95,1718.38,55.88,45.71,2.41,20.18
KDDL Ltd,1367.7,32.0,1714.7,67.18,32.47,0.22,21.58
GNA Axles,794.85,13.1,1706.18,87.64,27.72,0.63,21.61
Artemis Medicare,125.2,42.86,1700.97,-21.92,27.93,0.36,11.65
Dwarikesh Sugar,90.25,16.18,1699.42,-21.57,12.03,2.22,15.46
Bharat Bijlee,3002.1,20.39,1696.65,131.52,23.04,0.67,8.68
Jyoti Resins,1410.7,36.45,1692.84,137.14,13.26,0.18,72.9
SEAMEC Ltd,665.55,51.28,1692.16,-197.48,47.54,0.0,3.81
Jagran Prakashan,77.5,9.98,1686.82,-55.87,8.19,5.16,10.82
Cantabil Retail,1031.1,25.04,1683.79,107.88,29.93,0.24,25.29
Kuantum Papers,192.05,9.38,1675.9,1405.79,36.41,1.56,21.96
Andhra Paper,418.8,3.12,1665.57,187.14,38.56,1.79,51.86
Shankara Build.,727.1,26.35,1661.37,22.93,54.69,0.34,15.59
Rane Holdings,1162.9,23.8,1660.62,-143.5,19.69,1.46,12.72
NELCO,726.75,83.51,1658.44,86.8,14.35,0.28,21.59
Servotech Power,155.45,156.37,1652.86,384.17,103.51,0.03,17.11
Gensol Engineer.,1349.2,61.88,1648.58,,,0.0,41.31
Foseco India,2554.45,34.01,1632.29,16.53,12.37,0.98,27.67
Expleo Solutions,1589.25,12.17,1629.38,33.67,18.18,0.31,45.7
Den Networks,34.05,6.87,1624.95,159.62,-6.77,0.0,4.68
S H Kelkar & Co.,117.1,22.19,1620.91,-63.96,4.84,1.71,8.75
SML ISUZU,1117.55,81.55,1617.09,334.59,70.36,0.0,9.39
Prec. Wires (I),90.45,27.16,1615.96,-29.67,7.4,0.96,26.75
Salasar Techno,50.9,39.53,1606.94,112.15,38.83,0.2,14.32
Fairchem Organic,1231.25,36.86,1603.2,5.52,-14.49,0.61,21.49
Abans Holdings,318.5,24.61,1597.15,,,0.0,8.64
Bhagiradha Chem.,1530.75,34.32,1592.82,-10.07,-11.0,0.26,22.04
EIH Assoc.Hotels,521.4,24.59,1588.71,271.73,77.88,0.96,23.17
Timex Group,157.3,34.13,1587.94,895.11,5.34,0.0,48.1
Oriental Hotels,88.65,29.59,1583.28,51750.0,68.58,0.56,13.49
Gokul Agro,107.3,11.96,1583.14,-34.62,-4.43,0.0,28.21
I G Petrochems,513.85,7.9,1582.39,-48.1,16.97,1.95,22.11
Remedium Life,4368.1,289.6,1572.52,-312.07,87.59,0.0,102.61
Gulshan Polyols,251.65,34.6,1569.56,24.68,3.19,0.66,9.04
Arvind SmartSp.,344.15,60.89,1559.41,-33.33,-42.48,0.0,9.97
Kalyani Steels,355.9,9.3,1553.86,1.9,2.4,2.81,13.67
Morepen Labs.,30.35,40.11,1551.4,-33.12,-1.25,0.0,8.56
Primo Chemicals,63.98,11.57,1550.51,-58.55,-8.24,0.0,43.9
GOCL Corpn.,312.25,7.12,1547.9,-31.47,87.83,0.96,15.45
Heranba Inds,384.15,13.96,1537.12,-66.34,-26.06,0.33,18.13
Vardhman Special,188.5,15.25,1531.65,-53.13,22.92,0.93,20.22
Guj Inds. Power,101.2,8.11,1530.65,19.12,44.96,2.47,8.06
Igarashi Motors,485.75,291.77,1528.9,332.62,25.48,0.0,3.87
Andhra Sugars,112.05,7.83,1518.67,-57.22,-5.1,1.78,17.05
Valiant Organics,559.15,17.87,1518.29,-4.31,-21.93,0.63,14.75
Kabra Extrusion,451.55,39.83,1516.81,6.35,9.43,0.78,15.12
XPRO India,826.05,33.17,1504.42,-75.54,-12.98,0.24,26.88
RPG LifeScience.,907.25,22.18,1500.5,37.63,14.15,1.06,32.6
Nitin Spinners,266.85,9.1,1500.23,-54.91,-14.86,1.5,11.95
Ador Welding,1096.55,24.91,1491.31,83.92,17.85,1.14,26.33
TajGVK Hotels,235.55,18.5,1476.93,434.81,61.2,0.0,21.76
Everest Inds.,936.9,34.14,1474.96,129.63,19.5,0.64,11.6
Marathon Nextgen,317.65,12.16,1471.48,-30.3,3.08,0.16,16.44
Disa India,10100.8,49.34,1468.86,-20.23,5.16,1.09,18.99
Satin Creditcare,172.05,304.84,1466.28,73.29,20.31,0.0,8.4
NDTV,227.4,36.39,1466.16,-153.15,-35.49,0.0,20.35
Sasken Technol.,971.25,15.47,1461.82,-36.5,-5.76,2.57,17.08
Hester Bios,1712.15,54.69,1456.5,-41.32,19.18,0.58,9.49
John Cockerill,2947.45,112.96,1456.04,499.59,204.44,0.07,9.7
T N Newsprint,209.35,3.74,1448.91,358.24,3.9,2.39,20.53
Rel. Indl. Infra,953.55,156.85,1439.86,85.25,7.5,0.37,2.49
Stove Kraft,435.85,40.25,1439.63,-169.36,6.4,0.0,12.65
Kiri Industries,277.55,13.49,1438.66,-167.54,-46.64,0.0,-3.08
Ramco Inds.,164.4,11.87,1427.14,21.46,-10.42,0.61,3.41
BF Investment,378.95,5.5,1427.13,32.74,142.06,0.0,7.88
Gallantt Ispat L,58.85,10.08,1419.94,-23.6,24.67,0.0,10.21
Goldiam Intl.,130.0,16.78,1416.67,-28.62,-11.44,1.54,21.15
Matrimony.com,634.8,30.27,1412.87,-2.56,3.55,0.79,17.65
Capacit'e Infra.,206.8,14.73,1404.0,89.91,28.77,0.0,16.38
Sanmit Infra,88.84,271.52,1403.74,186.36,3.79,0.04,19.64
AVT Natural Prod,92.0,18.1,1401.16,-10.84,3.84,1.09,25.51
Ugar Sugar Works,124.1,13.55,1396.13,339.82,67.45,0.2,28.35
Pearl Global Ind,643.7,10.11,1394.25,34.73,-18.54,1.17,18.03
Rossell India,367.9,50.67,1386.85,-17.09,23.26,0.11,10.08
Rico Auto Inds,102.4,26.75,1385.47,194.56,17.2,0.39,9.62
Everest Kanto,123.4,15.14,1384.64,-45.88,-37.77,0.57,11.89
Polo Queen Ind.,41.14,603.18,1381.28,-55.32,76.89,0.0,2.64
Jay Bharat Maru.,319.0,36.97,1381.27,2.17,-3.05,0.39,11.15
Media Matrix,12.17,1013.64,1378.55,-172.22,60.65,0.0,4.36
Hardwyn India,39.5,152.61,1378.09,124.7,-9.89,0.0,6.83
BF Utilities,365.2,11.05,1375.34,31.13,29.87,0.0,32.06
K C P,106.65,32.94,1374.94,-19.28,10.27,0.94,7.19
Balu Forge,164.65,42.91,1372.6,4.6,1.47,0.06,24.12
Prakash Industri,76.4,7.18,1368.19,9.92,-12.69,0.0,7.89
Jash Engineering,1136.35,26.44,1367.02,41.6,7.39,0.0,22.54
Shaily Engineer.,1479.05,45.24,1356.81,18.59,-12.51,0.0,10.3
Udaipur Cement,24.2,37.83,1356.5,-10.16,15.81,0.0,7.19
Sangam India,300.85,8.74,1355.23,-24.6,-7.86,0.66,15.28
Universal Cables,387.4,11.38,1344.1,31.94,-1.91,0.39,12.02
S P I C,65.85,4.46,1340.97,392.65,150.41,0.0,29.53
EKI Energy,486.4,3.87,1338.3,-76.34,-40.89,1.03,236.09
Ajmera Realty,375.75,18.65,1333.16,5.57,-36.71,0.6,8.34
Insecticid.India,446.1,20.96,1320.36,-229.57,8.6,0.67,9.71
Moschip Tech.,79.04,213.27,1318.0,50.5,43.89,0.0,8.78
T R I L,99.4,32.37,1317.69,2337.84,27.34,0.15,14.97
Krishana Phosch.,443.95,49.21,1315.81,-42.31,78.74,0.11,11.1
Alicon Cast.,814.9,25.53,1312.95,-26.57,-0.41,0.31,12.43
RACL Geartech,1209.1,34.81,1303.6,97.11,35.92,0.08,21.58
Shanti Educat.,80.92,386.59,1302.81,3.65,263.46,0.0,8.21
Sterling Tools,361.55,33.47,1302.46,-2.89,12.0,0.28,12.32
TCPL Packaging,1427.2,12.4,1298.75,48.89,18.01,1.4,22.03
Uttam Sug.Mills,337.2,10.4,1286.08,14.64,7.55,0.59,19.13
PTC India Fin,20.0,7.31,1284.57,45.76,-15.06,0.0,7.84
DCW,43.15,8.0,1273.59,-26.0,-16.84,0.93,24.53
Pix Transmission,925.3,19.45,1261.18,23.46,7.77,0.65,19.54
Mangalore Chem.,105.95,9.33,1255.72,1844.99,61.87,1.13,13.27
Transpek Inds.,2247.2,15.04,1255.19,97.79,42.08,1.22,20.33
GTPL Hathway,111.5,9.9,1253.96,-106.68,12.17,3.59,16.38
Kitex Garments,188.25,21.07,1251.86,-90.48,-61.46,0.8,9.25
Themis Medicare,1359.6,21.99,1251.21,-15.48,0.38,0.37,20.54
IFGL Refractori.,345.55,15.72,1245.34,42.13,1.91,2.03,10.06
Excel Industries,985.65,15.5,1239.03,-95.18,-38.0,2.28,8.99
Knowledge Marine,1147.1,26.33,1238.98,,,0.0,89.07
Sr.Rayala.Hypo,715.7,7.96,1228.49,90.6,5.09,0.49,28.2
Ram Ratna Wires,277.55,27.2,1221.22,-8.67,13.69,0.9,17.42
Nalwa Sons Invst,2372.25,13.41,1219.34,-20.31,-27.38,0.0,1.57
BCL Industries,504.5,18.93,1218.37,6.39,-9.72,0.99,13.63
Avantel,744.25,40.18,1207.02,50.79,12.16,0.13,37.08
Refex Industries,545.55,10.38,1206.05,260.76,256.17,0.0,48.06
Kokuyo Camlin,119.8,49.15,1201.64,197.96,31.9,0.42,12.61
Wardwizard Inno.,46.24,126.8,1197.03,-55.79,-37.97,0.16,17.68
Bharat Wire,175.55,19.16,1192.91,106.2,20.74,0.0,16.25
Raghav Product.,1038.95,46.25,1192.33,40.58,8.03,0.1,28.46
Ritesh Propertie,43.39,466.58,1189.79,-205.7,-65.45,0.0,2.19
Rane (Madras),730.1,34.17,1187.53,720.08,22.98,0.0,12.05
Genesys Intl.,313.4,79.29,1183.83,7.53,31.55,0.0,8.21
Roto Pumps,752.8,35.79,1182.18,58.9,46.17,0.42,25.37
Pitti Engg.,368.35,20.07,1180.56,25.52,-8.8,0.55,18.22
Shivalik Rasayan,787.35,55.27,1173.88,-49.31,30.72,0.06,9.68
Geojit Fin. Ser.,49.0,12.04,1171.55,-17.92,-9.76,3.06,15.77
S P Apparels,465.35,14.14,1167.68,-18.51,8.37,0.0,14.49
T.V. Today Netw.,194.75,12.22,1162.05,-69.43,-10.37,1.54,13.01
NGL Fine Chem,1878.45,57.7,1160.88,8.52,-6.74,0.09,11.29
Indian Hume Pipe,220.2,20.83,1160.05,-19.06,15.94,0.91,10.94
BIGBLOC Const.,163.8,38.48,1159.51,-25.67,-12.15,0.18,35.49
Asian Star Co.,723.8,13.92,1158.8,-18.54,-14.39,0.21,6.17
Ashapura Minech.,126.6,10.55,1158.21,226.68,110.19,0.39,14.41
Madras Fertilize,71.85,6.25,1157.5,-50.38,-1.14,0.0,26.82
Andrew Yule & Co,23.65,91.48,1156.37,76.86,30.35,0.0,4.1
Goodluck India,423.8,13.29,1155.12,14.86,9.1,0.83,16.34
Oriental Aromat.,343.05,55.99,1154.49,-86.7,-3.71,0.15,5.19
Guj. Themis Bio.,793.7,19.89,1153.14,19.41,-2.05,0.68,61.14
Sh. Digvijay Cem,78.9,19.88,1146.62,89.45,15.37,5.07,22.69
Pokarna,369.55,17.41,1145.75,-46.84,-20.9,0.16,14.5
Apollo Micro Sys,55.15,54.12,1145.13,6.96,1.14,0.05,11.5
Jai Balaji Inds.,76.0,19.79,1144.18,-297.58,29.1,0.0,13.26
Onward Technolog,510.65,101.63,1142.36,124.84,38.76,0.59,10.37
Uniphos Enter.,164.1,29.09,1141.32,195.92,,3.44,1.28
NIIT,84.7,257.96,1140.18,-165.27,-26.04,3.54,1.42
Satia Industries,113.9,5.93,1139.0,56.56,75.33,0.18,20.66
Manali Petrochem,66.15,22.39,1137.77,-98.2,-26.19,3.78,7.55
5Paisa Capital,370.75,26.07,1135.81,227.5,2.64,0.0,12.39
Dhampur Bio,171.0,10.22,1135.23,13.02,58.79,2.05,10.0
Elpro Internatio,66.94,23.66,1134.49,-100.03,90.42,0.34,5.27
Cressanda Solns.,26.76,222.46,1132.34,3283.33,37300.0,0.0,9.52
Sportking India,850.35,7.4,1129.88,-70.32,-10.06,0.0,18.09
Punjab Chemicals,918.65,18.43,1126.26,-83.46,-24.6,0.33,30.83
India Power Corp,11.45,81.92,1114.99,-67.81,-2.7,0.44,3.77
Deep Industries,174.1,12.61,1114.24,87.43,23.21,0.93,8.59
InfoBeans Tech.,458.25,30.96,1113.19,-70.41,0.61,0.22,19.21
Rajnish Wellness,14.42,2409.0,1108.14,40.21,87.21,0.0,1.21
Shriram Properti,64.8,16.7,1101.72,-76.51,-42.53,0.0,10.11
Praveg,517.35,38.53,1093.53,10.47,12.16,0.77,53.08
Shakti Pumps,594.6,45.29,1092.88,-89.75,-52.5,0.34,10.38
Speciality Rest.,227.1,12.27,1080.03,838.1,21.91,0.0,19.18
Manaksia,164.75,10.11,1079.94,-44.57,-14.76,1.82,17.19
Avadh Sugar,539.05,10.77,1079.09,54.02,11.54,1.86,10.69
Finkurve Fin.,85.0,75.3,1078.29,227.54,180.23,0.0,12.09
TGV Sraac,99.93,2.96,1070.15,-53.52,-1.04,0.0,37.83
GMR Urban,17.7,4645.04,1068.36,-131.4,17.9,0.0,19.51
Ksolves India,901.0,42.95,1068.23,65.06,65.27,2.61,169.61
G M Breweries,581.8,11.18,1063.39,-12.43,9.81,1.03,19.72
Linc,715.0,28.43,1063.37,312.37,24.19,0.25,31.27
KMC Speciality,65.17,39.82,1062.92,70.42,26.01,0.0,26.38
Control Print,648.65,20.21,1059.36,28.97,15.4,1.39,23.12
Spectrum Electr.,700.6,125.81,1059.3,,,0.14,11.91
Mishtann Foods,10.54,21.11,1054.0,7.45,10.05,0.03,46.44
Renaiss. Global,110.9,12.02,1052.69,-6.41,-5.64,1.53,8.33
Permanent Magnet,1219.85,35.26,1049.07,45.45,27.1,0.1,40.1
Pennar Industrie,77.15,13.8,1041.11,41.11,-3.51,0.0,13.34
GRM Overseas,171.15,19.17,1026.9,-32.6,2.49,1.55,15.66
Likhitha Infra.,259.85,17.07,1025.11,18.8,26.42,0.48,36.16
Chemcon Special.,277.7,18.46,1017.23,-50.82,-11.28,1.44,15.52
India Motor Part,813.85,13.79,1015.68,28.37,-3.45,2.95,7.08
HMT,28.4,1.86,1009.91,24.16,-31.03,0.0,
India Nipp.Elec.,444.4,20.84,1005.3,-26.03,5.86,2.08,11.35
GIC Housing Fin,185.3,4.68,997.84,6.69,-2.45,2.43,8.73
Dhunseri Vent.,284.7,1.84,997.02,-44.85,3.27,1.76,27.94
Ganesh Benzopl.,152.05,19.37,991.13,52.38,2.25,0.0,20.83
Radiant Cash,92.8,15.79,990.25,41.4,14.62,1.08,39.91
Jindal Drilling,341.6,8.85,989.96,-23.25,-1.2,0.15,12.98
Jagsonpal Pharma,377.85,33.69,989.89,1706.45,8.24,1.06,26.15
Foods & Inns,183.35,22.53,982.7,416.04,69.8,0.14,16.19
B.L.Kashyap,43.55,19.81,981.79,101.04,-14.91,0.0,13.77
Faze Three,403.2,17.07,980.54,-9.68,-14.53,0.12,17.6
Xchanging Sol.,88.0,21.83,980.32,-0.45,1.55,0.0,9.24
Nahar Spinning,271.25,8.58,978.27,-90.26,-27.36,1.29,7.54
Saint-Gob. Sekur,106.91,33.74,974.06,29.78,4.64,1.4,21.03
Ultramarine Pig.,332.1,14.58,969.73,-24.53,-9.4,1.51,10.83
Steelcast,473.1,13.58,957.55,102.91,29.32,0.86,42.31
RSWM Ltd,202.6,7.77,954.28,-60.4,-14.73,12.34,9.78
Integra Engg.,277.65,52.45,954.15,117.81,16.16,0.0,24.39
Sigachi Indust.,309.6,21.86,951.79,-37.11,-0.18,0.32,20.42
Medicamen Biotec,751.95,63.42,951.3,47.27,63.3,0.13,10.34
Vascon Engineers,43.75,9.56,950.76,358.5,50.21,0.0,11.44
Agarwal Indl.,635.1,10.3,949.97,19.26,1.28,0.31,23.84
Century Enka,434.2,10.49,948.73,-70.78,-17.43,2.3,9.05
Hi-Tech Pipes,72.05,22.12,942.49,41.18,18.0,0.07,14.06
Dredging Corpn.,336.1,74.93,941.08,-1281.67,16.65,0.0,2.52
Ambika Cotton,1619.25,8.28,927.02,-61.18,-28.47,2.16,20.61
Vardhman Hold.,2892.25,4.04,922.63,-56.46,-190.35,0.17,7.65
Bodal Chemicals,73.3,24.21,920.82,-90.26,-34.78,1.09,5.24
Ester Industries,110.35,78.72,920.25,-174.61,-2.78,2.99,4.28
Talbros Auto.,743.55,16.52,918.28,33.86,18.17,0.4,20.41
Balmer Law. Inv.,412.4,8.25,915.53,-5.71,5.85,7.27,20.19
Vinyl Chemicals,499.25,25.69,915.48,-49.69,-11.26,1.0,46.41
Man Industries,152.3,13.46,915.37,-1.74,-2.63,1.31,11.42
DE Nora India,1722.55,45.1,914.67,21.98,-28.97,0.06,29.59
D-Link India,256.05,10.78,909.1,69.65,14.87,1.17,34.68
NCL Industries,199.9,20.42,904.2,-37.09,-2.36,1.5,10.64
Sat Industries,79.95,22.68,904.11,39.36,-1.4,0.25,18.72
Vimta Labs,408.1,19.06,903.08,3.11,9.78,0.49,24.29
Kopran,186.65,33.05,899.85,-54.08,4.24,1.61,8.3
Antony Waste han,317.35,13.19,897.69,-52.34,7.93,0.0,18.0
Lancer Containe.,144.6,16.56,890.07,-5.67,-14.32,0.0,28.12
Chamanlal Setia,171.95,7.56,889.56,67.88,15.36,0.0,26.19
Bajaj Healthcare,321.35,20.62,886.87,-79.45,-9.83,0.47,11.85
Royal Orch.Hotel,322.6,18.81,884.74,119.76,83.53,0.62,26.36
Repro India,667.65,101.44,884.58,208.12,29.15,0.0,5.17
M K Proteins,697.25,81.92,872.43,,,0.0,21.38
HLV,13.2,101.9,870.22,295.5,106.22,0.0,3.23
Hercules Hoists,270.05,32.49,864.16,725.0,55.49,0.74,4.57
Enkei Wheels,480.15,,863.06,-149.44,-22.4,0.0,6.78
Orient Paper,40.65,8.69,862.53,2370.45,35.23,0.62,8.9
Mangalam Cement,313.5,29.59,862.04,-10.7,1.7,0.48,8.25
Kamdhenu,318.6,20.92,858.17,-23.47,-9.89,0.31,23.55
Mold-Tek Technol,301.85,29.28,856.98,114.65,49.18,0.66,41.6
Spacenet Enterpr,16.05,304.82,856.54,21.05,12.23,0.0,6.76
Kirl. Electric,128.75,27.51,855.08,-89.71,38.01,0.0,24.16
Natl. Peroxide,1486.95,27.94,854.55,273.37,76.8,0.34,4.88
Elin Electronics,170.8,31.65,848.18,-87.62,-15.23,0.0,9.98
Quick Heal Tech,159.4,132.19,846.0,-123.64,-52.48,2.82,1.53
HPL Electric,131.45,28.01,845.23,-16.6,11.57,0.11,8.87
Orient Green,11.25,91.69,844.56,16.75,17.6,0.0,7.15
Indo Amines,118.6,20.51,838.47,644.78,9.71,0.42,17.37
Indrapr.Medical,91.35,9.72,837.41,30.53,27.03,2.74,34.2
Bliss GVS Pharma,80.25,11.83,835.83,-82.99,10.61,0.62,12.13
Global Surfaces,196.55,34.38,833.01,14.54,3.86,0.0,9.0
Atul Auto,347.7,265.27,830.28,158.29,58.45,0.0,4.53
Heubach Colorant,359.6,37.99,830.02,-43.02,-14.48,0.0,10.99
Allsec Tech.,543.2,16.94,827.84,-30.74,26.48,8.28,25.93
Navkar Corporat.,54.95,13.96,827.1,-60.81,4.05,0.0,2.95
Monarch Networth,243.1,19.16,823.37,-63.38,21.42,0.41,31.19
Beekay Steel Ind,428.4,7.48,817.05,-34.04,-25.37,0.23,15.47
OnMobile Global,76.85,84.61,815.11,-34.9,0.82,1.95,1.95
Eldeco Housing,828.55,18.36,814.71,2.62,33.77,0.97,18.84
Tracxn Technolo.,81.0,28.36,812.51,7556.25,18.6,0.0,13.59
Lincoln Pharma.,404.15,11.1,809.5,13.97,9.62,0.37,21.82
Dolat Algotech,45.9,6.96,807.84,-85.61,-85.73,0.54,22.75
Gloster Ltd,732.2,14.73,801.27,-22.38,0.0,6.15,6.58
Shankar Lal Ram.,125.15,50.32,800.54,-83.88,-4.68,0.04,21.78
Kalyani Invest.,1825.95,18.74,797.94,-40.13,-19.3,0.0,1.04
Nelcast,91.7,26.83,797.8,-33.73,16.89,0.44,9.58
Jubilant Inds.,529.25,15.68,797.43,774.14,4.3,0.0,26.14
Rhetan TMT Ltd,10.0,147.03,796.88,,,0.0,16.83
Rushil Decor,298.65,10.21,792.67,-12.01,9.65,0.17,16.92
SMC Global Sec.,75.15,6.58,786.82,-47.01,5.51,3.19,15.21
Dynamic Cables,356.55,25.31,784.91,17.69,3.36,0.14,23.96
HP Adhesives,426.95,66.2,784.52,463.77,14.76,0.0,11.96
K&R Rail Engine.,496.3,148.61,783.15,-52.53,65.7,0.0,11.08
Oriental Carbon,783.65,16.1,782.87,125.13,-3.25,1.79,10.98
DMCC Speciality,313.75,114.07,782.49,79.09,-6.94,0.32,7.45
Yuken India,650.55,95.65,780.66,-85.24,3.31,0.12,7.54
Visaka Industrie,90.2,13.31,779.37,-83.4,7.01,2.22,9.89
Tuticorin Alkali,63.84,7.69,777.8,230.92,66.4,0.0,
Summit Securitie,712.35,20.95,776.46,91.32,4.34,0.0,0.98
Master Trust,356.35,11.76,775.18,17.92,12.28,0.0,25.51
Sutlej Textiles,47.05,13.25,770.81,-116.37,-16.44,3.93,7.76
Forbes & Co,594.5,4.24,766.91,-38.63,-12.49,0.0,66.93
Snowman Logistic,45.85,57.17,766.1,2418.18,46.61,1.64,6.4
Focus Lighting,584.85,34.14,765.69,60.22,19.41,0.09,44.88
Menon Bearings,136.45,23.37,764.67,35.4,4.38,1.47,32.14
K.P. Energy,343.65,17.43,763.93,160.76,36.88,0.15,51.84
Orient Bell,520.5,33.54,754.05,-61.62,-7.23,0.19,10.42
TVS Elec.,403.65,79.08,752.82,-63.88,-3.6,0.5,13.1
Beta Drugs Ltd,780.0,24.41,749.88,,,0.0,38.49
Shreyas Shipping,340.8,3.8,748.4,-76.37,-46.51,0.73,19.96
Davangere Sugar,79.41,56.53,747.3,190.51,85.93,0.0,8.4
TruCap Finance,64.1,1183.03,745.31,366.67,42.29,0.02,9.57
Auto.Corp.of Goa,1213.1,28.87,738.61,-26.8,19.56,1.44,14.3
Mufin Green,146.65,90.9,738.11,341.82,21.88,0.02,6.82
Nitta Gelatin,811.55,10.79,736.89,32.62,2.84,0.49,33.52
Emami Paper,121.25,10.61,733.56,-127.35,-6.35,1.32,10.45
Texmaco Infrast.,57.5,237.89,732.7,166.67,-49.22,0.13,0.71
Assoc.Alcohols,397.3,17.28,718.29,-35.31,24.84,0.25,14.56
Mallcom (India),1146.65,19.37,715.51,5.51,6.37,0.26,20.54
Shilchar Tech.,1875.25,16.57,714.47,117.65,44.3,0.21,53.85
Arihant Super.,173.0,16.68,712.07,-97.67,-7.37,0.0,15.28
Cheviot Company,1183.35,13.07,712.01,-9.08,-17.56,2.28,12.58
Iris Clothings,436.15,86.14,711.54,-10.08,14.81,0.0,16.38
Syncom Formul.,7.55,35.38,709.7,77.36,5.39,0.4,9.67
Voith Paper,1613.9,22.31,708.5,47.16,9.12,0.37,14.23
Ruby Mills,211.3,20.06,706.59,-44.14,12.94,0.71,5.94
Black Rose Indus,138.45,89.15,706.1,-68.41,-17.35,0.4,9.53
The Hi-Tech Gear,374.6,30.42,703.12,48.04,-0.72,0.4,8.32
T N Petro Prod.,78.15,7.46,703.12,-55.14,10.27,3.84,15.36
Jayant Agro Org.,234.35,14.25,703.05,-43.36,2.26,2.13,13.81
Gandhi Spl. Tube,575.95,14.78,699.89,24.38,8.2,2.08,38.22
Innovana Think.,339.95,25.91,696.9,,,0.22,33.76
Deccan Cements,495.8,14.09,694.49,-44.82,5.24,1.01,8.96
AGS Transact,57.05,18.79,694.43,68.21,6.49,0.0,12.01
Sandesh,915.9,6.9,693.34,-60.61,-25.85,0.55,13.25
D P Wires,510.2,16.88,692.24,115.45,116.79,0.2,31.98
AGI Infra,565.25,14.35,690.55,23.91,25.66,0.18,29.97
DCM Shriram Inds,79.25,11.46,689.41,94.63,-18.23,1.89,10.1
Bhageria Indust.,157.6,45.7,687.83,-72.51,-18.34,2.54,4.45
Rajapalayam Mill,742.7,9.06,684.78,70.65,3.49,0.13,2.74
Paramount Comm.,35.2,14.31,683.53,183.37,10.32,0.0,13.03
Mirza Internatio,48.9,25.81,675.81,-53.91,-4.11,0.0,6.37
Rane Brake Lin.,873.0,20.17,674.82,-11.36,6.84,2.86,17.69
S Chand & Compan,191.45,14.27,674.24,-19.56,14.21,0.0,8.03
Kellton Tech,69.7,15.13,672.82,-72.21,15.38,0.0,14.48
Tour. Fin. Corp.,74.25,7.63,671.02,10.97,-1.23,1.62,9.47
Apex Frozen Food,212.85,18.54,665.16,-154.99,1.25,1.17,10.69
CSL Finance,320.05,14.54,663.55,10.8,45.79,0.78,13.65
Crest Ventures,233.2,1.68,663.45,836.14,77.54,0.43,57.99
Sukhjit Starch,422.8,10.42,660.5,-34.83,10.83,2.37,15.29
Peninsula Land,23.65,8.27,660.31,-11.05,52.31,0.0,26.04
Jeena Sikho,475.5,19.46,656.72,,,0.0,102.84
NINtec Systems,633.8,117.85,654.08,125.88,72.92,0.0,44.36
Piccadily Agro,69.33,29.29,654.05,-26.48,20.26,0.14,12.8
Dr Agarwal's Eye,1384.4,17.62,650.67,99.13,24.34,0.22,18.23
Khaitan Chemical,66.7,17.32,646.92,145.25,-5.83,0.45,15.35
Bajaj Steel Inds,1243.95,10.07,646.85,160.73,73.8,0.16,32.91
BMW Industries,28.59,11.81,643.52,215.04,15.57,0.7,12.01
Medico Remedies,76.7,87.91,636.49,-5.85,-13.29,0.0,21.37
Ravindra Energy,47.1,38.08,635.99,-46.99,-69.31,0.0,11.72
Windlas Biotech,298.85,14.91,635.68,-22.65,15.21,1.17,14.3
Muthoot Cap.Serv,384.65,8.04,632.65,117.1,6.34,0.0,11.7
Jindal Poly Inve,595.55,2.21,625.92,-51.7,-20.19,0.0,26.76
Dynacons Sys.,492.0,18.71,624.5,88.68,8.18,0.1,36.36
IST,535.05,7.64,624.09,20.54,10.07,0.0,10.19
D. P. Abhushan,280.1,13.75,623.36,-52.74,-12.51,0.36,24.56
Creative Newtech,494.25,22.85,622.76,23.56,51.35,0.1,24.79
Zuari Agro Chem.,148.0,1.82,622.46,4772.46,50.0,0.0,15.67
Allied Digital,113.15,11.56,621.27,-43.52,6.27,0.88,13.45
Marine Electric.,49.05,31.76,619.58,28.72,69.78,0.0,17.15
Diamines & Chem.,630.1,14.57,616.24,37.29,75.81,0.95,48.4
EFC (I),887.1,157.88,615.75,45850.0,,0.0,10.98
Prevest Denpro,512.7,39.17,615.39,107.72,47.59,0.0,31.92
ICE Make Refrig.,389.7,29.56,614.94,56.06,47.67,0.31,36.95
VLS Finance,157.75,10.9,609.89,-136.7,-148.76,0.95,2.13
Nahar Poly,246.7,14.04,606.59,-87.61,-15.19,1.01,5.35
Nicco Parks,128.75,27.15,602.55,45.16,72.99,0.89,54.93
Cool Caps,520.0,105.27,601.12,154.55,256.0,0.0,14.16
Sayaji Hotels,343.0,17.13,600.94,210.62,40.63,0.0,20.63
Automotive Stamp,375.55,71.5,595.62,339.01,3.33,0.0,41.42
Krishival Foods,297.75,87.06,589.4,1450.0,105.82,0.0,19.33
Dharmaj Crop,172.5,17.61,583.0,-46.81,-27.25,0.0,18.88
Sh.Pushkar Chem.,183.85,15.62,581.44,-8.7,-6.13,1.09,11.62
Sh. Jagdamba Pol,660.1,19.23,578.12,-23.78,-23.9,0.08,19.74
Magadh Sugar,409.75,11.49,577.4,6.15,-12.92,1.71,8.75
SKM Egg Prod.,219.05,7.6,576.76,5963.27,137.83,0.91,45.67
Supershakti Met.,500.0,17.31,576.26,,,0.2,24.2
Binny,257.85,7.3,575.52,-15.35,-13.22,0.0,14.26
Benares Hotels,4420.65,24.58,574.68,150.5,70.6,0.23,34.22
Banswara Syntex,167.7,5.15,574.07,43.03,0.43,0.75,22.26
Mac Charles(I),437.25,13.46,572.8,-1026.89,-50.74,0.0,15.04
Jagatjit Inds.,123.25,87.2,572.03,-21.05,3.11,0.0,13.37
Kamat Hotels,231.55,7.41,570.84,1667.39,74.13,0.0,25.66
3i Infotech,33.75,168.72,568.57,-1570.0,8.44,0.0,2.39
Salzer Electron.,354.0,15.56,565.79,133.94,29.43,0.62,11.95
Z F Steering,622.35,22.19,564.47,248.5,18.67,0.0,8.53
T B Z,84.2,13.98,561.87,225.83,7.71,1.19,8.6
Wim Plast,466.9,13.74,560.44,3.56,-3.97,1.82,12.72
Oswal Green Tech,21.8,14.78,559.84,-57.53,25.8,6.88,2.38
Morganite Crucib,997.6,34.66,558.66,-84.97,-16.37,2.0,17.9
TAAL Enterprises,1792.05,17.88,558.46,-8.01,31.88,1.4,38.14
Andhra Petrochem,65.59,27.31,557.32,-72.9,-31.66,2.29,6.4
Chembond Chem.,413.75,22.54,556.42,389.9,29.78,1.21,10.94
Shreeoswal Seeds,364.9,97.42,556.29,-228.57,12.6,0.0,14.02
Nikhil Adhesives,120.25,32.42,552.46,-40.78,-26.29,0.17,25.01
Kotyark Indust.,624.3,47.54,545.28,29.48,-25.59,0.32,55.91
Varanium Cloud,135.6,6.61,545.19,471.88,1028.6,0.55,145.92
Zim Laboratories,111.85,22.31,545.0,2.99,0.33,0.0,16.65
Remus Pharma.,3688.3,63.92,543.29,,,0.0,171.94
Anuh Pharma,108.26,14.99,542.51,7.73,21.97,1.62,20.73
Munjal Showa,135.3,18.51,541.13,83.81,0.88,3.33,6.01
Balaxi Pharma,527.0,11.73,539.13,-36.27,-9.45,0.09,36.69
XT Global Infot.,39.99,33.76,531.74,-49.64,0.92,0.0,13.28
Baid Finserv,44.2,51.13,530.7,-24.36,-0.59,0.23,10.03
Phantom Digital,455.8,32.75,530.55,,,0.0,75.34
Network People,819.9,81.26,529.82,964.71,125.11,0.0,34.35
Hind.Composites,356.2,19.15,526.07,115.91,16.88,0.56,3.55
Sunshield Chem.,714.9,38.48,525.67,20.07,-0.42,0.28,19.26
Vasa Denticity,327.85,97.06,525.09,,,0.0,98.65
U. Y. Fincorp,27.45,67.38,522.2,-95.84,-38.03,0.0,4.45
Munjal Auto Inds,52.0,23.18,520.0,-75.97,29.0,3.85,8.87
ASM Technologies,519.75,72.79,519.75,-78.74,-5.06,1.64,14.06
Nahar Indl. Ent.,129.3,6.42,515.13,-61.27,-31.29,0.0,9.93
MIC Electronics,23.25,2451.71,514.86,345.92,-23.11,0.0,2.3
Hind Rectifiers,310.15,116.56,514.04,432.69,9.04,0.13,5.12
GKW,860.35,58.57,513.63,-89.53,-31.0,0.0,0.57
Exxaro Tiles,114.75,64.18,513.4,-74.8,-5.66,0.0,5.9
Axita Cotton,26.05,30.05,512.04,-11.39,-56.0,0.19,48.66
Amines & Plast.,93.01,22.38,511.74,53.78,9.24,0.43,16.1
Ind-Swift Labs.,86.1,8.96,508.74,30.76,5.32,0.0,12.75
Axtel Industries,314.7,30.46,508.39,62.85,21.78,0.95,26.2
Nupur Recyclers,111.05,41.58,508.16,,,0.0,
Affordable Robo.,499.1,235.21,508.06,,,0.0,7.66
MMP Industries,199.7,23.79,507.29,-24.95,-6.42,0.5,10.52
Birla Cable,169.05,15.14,507.15,22.5,51.24,0.89,18.3
Silver Touch,399.65,52.19,506.8,519.7,8.33,0.25,15.33
Arfin India,31.88,49.09,506.65,-17.52,-4.39,0.0,13.03
Urja Global,9.6,329.7,504.44,-59.09,-73.93,0.0,1.63
N R Agarwal Inds,296.25,5.08,504.19,4.36,-13.38,0.0,21.39
Donear Inds.,96.95,13.91,504.14,-18.99,23.04,0.21,15.69
